"Phrase";"Suchmaschine";"Letzter Zugriff";"Besucher";
"tierheim moers";"Google Deutschland";"31.05.2015";"200";
"moers";"Google Deutschland";"31.05.2015";"156";
"stadt moers";"Google Deutschland";"31.05.2015";"95";
"moers";"Bing";"31.05.2015";"89";
"stadt moers";"Bing";"31.05.2015";"69";
"tierheim moers";"Bing";"30.05.2015";"59";
"tierheim moers hunde";"Google Deutschland";"30.05.2015";"53";
"trödelmarkt moers";"Google Deutschland";"31.05.2015";"48";
"moers";"T-Online Suche";"31.05.2015";"45";
"bürgerservice moers";"Google Deutschland";"31.05.2015";"44";
"standesamt moers";"Google Deutschland";"30.05.2015";"38";
"moerser stadtgespräche";"Google Deutschland";"24.05.2015";"33";
"vhs moers";"Google Deutschland";"31.05.2015";"30";
"stadt moers";"T-Online Suche";"31.05.2015";"28";
"moers veranstaltungen";"Google Deutschland";"31.05.2015";"27";
"tierheim moers";"T-Online Suche";"31.05.2015";"26";
"jugendamt moers";"Google Deutschland";"31.05.2015";"23";
"moers trödelmarkt";"Google Deutschland";"28.05.2015";"20";
"bibliothek moers";"Google Deutschland";"31.05.2015";"20";
"tierheim moers";"Google";"31.05.2015";"20";
"vhs moers";"Bing";"29.05.2015";"19";
"Musenhof Moers";"Google Deutschland";"29.05.2015";"18";
"moerser kirmes 2015";"Google Deutschland";"30.05.2015";"17";
"straßenverkehrsamt moers";"Google Deutschland";"29.05.2015";"13";
"moers.de";"Google Deutschland";"31.05.2015";"13";
"bürgerservice moers Öffnungszeiten";"Google Deutschland";"27.05.2015";"13";
"Veranstaltungen Moers";"Google Deutschland";"30.05.2015";"13";
"einwohnermeldeamt moers";"Google Deutschland";"30.05.2015";"13";
"stadt moers.de";"Bing";"30.05.2015";"13";
"Moers WillkommeninMoers!";"Baidu";"31.05.2015";"12";
"bücherei moers";"Google Deutschland";"30.05.2015";"11";
"bücherei moers";"Bing";"30.05.2015";"11";
"Streichelzoo Moers";"Google Deutschland";"31.05.2015";"11";
"musikschule moers";"Google Deutschland";"27.05.2015";"10";
"rathaus moers Öffnungszeiten";"Google Deutschland";"31.05.2015";"10";
"tummelferien moers";"Google Deutschland";"31.05.2015";"10";
"www.moers.de";"Google Deutschland";"25.05.2015";"10";
"Bürgerbüro Moers";"Google Deutschland";"30.05.2015";"10";
"moers";"Google";"28.05.2015";"9";
"standesamt moers";"Bing";"27.05.2015";"9";
"stadtbücherei moers";"Bing";"23.05.2015";"9";
"bibliothek moers";"Bing";"28.05.2015";"9";
"sperrmüll moers";"Google Deutschland";"19.05.2015";"9";
"lesekreis moers";"Google Deutschland";"27.05.2015";"9";
"polizei moers";"Google Deutschland";"27.05.2015";"9";
"trödelmarkt moers";"Google";"25.05.2015";"8";
"bibliothek moers";"T-Online Suche";"31.05.2015";"8";
"Tierschutzverein Moers und Umgebung e.V.";"Google Deutschland";"30.05.2015";"8";
"tierheim moers Öfnungszeiten";"Google Deutschland";"30.05.2015";"8";
"streichelzoo";"Google Deutschland";"31.05.2015";"8";
"Moers Pass";"Google Deutschland";"19.05.2015";"8";
"Flohmarkt moers";"Google Deutschland";"31.05.2015";"8";
"trödelmarkt moers";"T-Online Suche";"31.05.2015";"7";
"kantine rathaus moers";"Google";"24.05.2015";"7";
"bürgermeister moers";"Google Deutschland";"27.05.2015";"7";
"moers";"Yahoo Deutschland";"27.05.2015";"7";
"trödelmarkt";"Google Deutschland";"31.05.2015";"7";
"kantine stadt moers";"T-Online Suche";"20.05.2015";"7";
"gesundheitsamt moers";"Google Deutschland";"26.05.2015";"7";
"stadtbibliothek moers";"Google Deutschland";"25.05.2015";"7";
"moers";"Yahoo";"28.05.2015";"7";
"moers";"Ask Jeeves";"28.05.2015";"7";
"stadtbücherei moers";"Google Deutschland";"28.05.2015";"7";
"freizeitaktivitäten";"Google Deutschland";"31.05.2015";"7";
"Stadt Moers Stellenangebote";"Google Deutschland";"31.05.2015";"7";
"moerser schloss";"Google Deutschland";"25.05.2015";"7";
"rathaus Moers";"Google Deutschland";"26.05.2015";"7";
"Enni moers";"Bing";"30.05.2015";"6";
"Enni moers";"Google Deutschland";"29.05.2015";"6";
"grundschule eick west";"Google Deutschland";"19.05.2015";"6";
"bildungsscheck moers Frau frohm";"Google Deutschland";"31.05.2015";"6";
"knappschaft moers";"Google Deutschland";"22.05.2015";"6";
"Extrablatt Moers";"Google Deutschland";"29.05.2015";"6";
"Wunschkennzeichen Moers";"T-Online Suche";"13.05.2015";"6";
"standesamt moers Öffnungszeiten";"Google Deutschland";"14.05.2015";"6";
"bürgerbüro moers reisepass";"Google Deutschland";"30.05.2015";"6";
"zulassungsstelle moers";"Google Deutschland";"28.05.2015";"6";
"ausländerbehörde moers";"Google Deutschland";"21.05.2015";"6";
"veranstaltungen moers heute";"Google Deutschland";"31.05.2015";"6";
"www.moers.de";"Bing";"26.05.2015";"6";
"stadt moers";"Ask Jeeves";"31.05.2015";"6";
"tummelferien moers 2015";"Google Deutschland";"30.05.2015";"6";
"Forum Stadt Moers";"Bing";"30.05.2015";"6";
"heinrich pattberg realschule";"Google Deutschland";"31.05.2015";"6";
"vhs moers";"T-Online Suche";"30.05.2015";"6";
"anne frank gesamtschule moers";"Google Deutschland";"21.05.2015";"6";
"moers.de";"T-Online Suche";"27.05.2015";"5";
"börgerstuben moers";"Google Deutschland";"30.05.2015";"5";
"eiserne hochzeit";"T-Online Suche";"29.05.2015";"5";
"freizeitpark moers";"Google Deutschland";"30.05.2015";"5";
"moerser bibliothek";"T-Online Suche";"25.05.2015";"5";
"moers bibliothek";"Bing";"21.05.2015";"5";
"trödelmarkt in moers";"Google Deutschland";"24.05.2015";"5";
"verkaufsoffener sonntag moers";"Google Deutschland";"17.05.2015";"5";
"stadt moers";"Google";"30.05.2015";"5";
"moerser tierheim";"Google Deutschland";"19.05.2015";"5";
"jugendamt moers";"Bing";"22.05.2015";"5";
"moers innenstadt";"Google Deutschland";"15.05.2015";"5";
"trödelmarkt moers";"Bing";"17.05.2015";"5";
"Ordnungsamt Moers";"Google Deutschland";"23.05.2015";"5";
"bethanien moers";"Bing";"29.05.2015";"5";
"tierheim moers";"AOL Deutschland";"27.05.2015";"5";
"moers.de";"Google";"28.05.2015";"5";
"stadtverwaltung Moers";"Bing";"25.05.2015";"5";
"tummelferien moers 2015";"Bing";"18.05.2015";"5";
"Stadt Moers Stellenangebote";"Bing";"19.05.2015";"5";
"trödelmarkt moers 2015";"Google Deutschland";"23.05.2015";"5";
"stadt moers einwohnermeldeamt";"Bing";"18.05.2015";"4";
"feuerwehr moers";"Bing";"31.05.2015";"4";
"ferienwohnung in 47441 moers";"Bing";"19.05.2015";"4";
"trodelmarkt moers";"Yahoo Deutschland";"28.05.2015";"4";
"veranstaltungen moers und umgebung";"Google Deutschland";"31.05.2015";"4";
"bethanien moers";"Google Deutschland";"08.05.2015";"4";
"moers";"Google Niederlande";"14.05.2015";"4";
"Ärztlicher notdienst moers";"Google Deutschland";"17.05.2015";"4";
"Wochenmarkt Moers";"Google Deutschland";"20.05.2015";"4";
"tierheim moers hunde";"Bing";"16.05.2015";"4";
"realschule moers";"Google Deutschland";"22.05.2015";"4";
"bild vom kind";"Google Bildsuche";"12.05.2015";"4";
"Moers Einkaufszentrum";"Google Deutschland";"22.05.2015";"4";
"moers markt";"Google Deutschland";"27.05.2015";"4";
"bedeutung rosen";"Google Deutschland";"11.05.2015";"4";
"moers marketing";"T-Online Suche";"17.05.2015";"4";
"knappschaft moers";"Bing";"31.05.2015";"4";
"bücherei moers";"Google";"29.05.2015";"4";
"stadt moers einwohnermeldeamt";"Google Deutschland";"28.05.2015";"4";
"moers bücherei";"Google Deutschland";"28.05.2015";"4";
"Pension Moers";"Google Deutschland";"30.05.2015";"4";
"Ordnungsamt Moers";"Bing";"12.05.2015";"4";
"kinderausweis";"Google Deutschland";"30.05.2015";"4";
"kindertrödel moers 2015";"Google Deutschland";"31.05.2015";"4";
"Aumühle Moers";"Google Deutschland";"31.05.2015";"4";
"moers stadt";"Google Deutschland";"29.05.2015";"4";
"stadt moers";"Yahoo Deutschland";"19.05.2015";"4";
"vhs moers programm 2015";"Bing";"30.05.2015";"4";
"moers tierheim";"Google Deutschland";"19.05.2015";"4";
"webcam moers";"Google Deutschland";"22.05.2015";"4";
"fiddlers moers";"Google Deutschland";"25.05.2015";"4";
"moerser musikschule";"T-Online Suche";"31.05.2015";"4";
"volkshochschule moers";"Bing";"31.05.2015";"4";
"bücherei moers";"T-Online Suche";"12.05.2015";"4";
"rose bedeutung";"Google Deutschland";"26.05.2015";"4";
"stadt moers reisepass";"Bing";"27.05.2015";"4";
"Veranstaltungen in Moers";"Google Deutschland";"31.05.2015";"4";
"https://www.moers.de/C1257221003F2394/html/7888E49A79154CB5C125773400414068?OpenDocument";"Google Deutschland";"25.05.2015";"4";
"stellenangebote in moers";"Google Deutschland";"22.05.2015";"4";
"Grafschafter Gymnasium Moers";"Google Deutschland";"07.05.2015";"4";
"stadt moers bürgerservice";"Google Deutschland";"29.05.2015";"4";
"kirmes moers 2015";"Google Deutschland";"27.05.2015";"4";
"hundesteuer moers";"Google Deutschland";"17.05.2015";"4";
"http://www.moers.de/C1256D02002E0B7D/0/25A2F435AC7C9A25C1256DE8003BBB93";"Google Deutschland";"28.05.2015";"4";
"Telefonbuch Moers";"Google Deutschland";"29.05.2015";"4";
"frau pfeiffer moera";"Google Deutschland";"28.05.2015";"4";
"das bild vom kind";"Google Bildsuche";"30.05.2015";"4";
"tierheim Mörs";"Google Deutschland";"24.05.2015";"4";
"tierheim moers";"Google Niederlande";"21.05.2015";"3";
"bibliothek moers online";"Google Deutschland";"16.05.2015";"3";
"vhs moers programm";"Google Deutschland";"13.05.2015";"3";
"kantine rathaus moers";"Google Deutschland";"20.05.2015";"3";
"extrablatt moers früstück preis";"Google Deutschland";"29.05.2015";"3";
"moers rathaus Öffnungszeiten";"Google Deutschland";"27.05.2015";"3";
"dlz moers Öffnungszeiten";"Google Deutschland";"17.05.2015";"3";
"Musenhof Moers";"T-Online Suche";"25.05.2015";"3";
"monokel moers";"Bing";"18.05.2015";"3";
"Musenhof Moers";"Bing";"25.05.2015";"3";
"https://www.moers.de/C12572210040545A/html/C532479FFE97F64CC12574FE00304393?opendocument";"Google Deutschland";"20.05.2015";"3";
"Wunschkennzeichen Moers";"Google Deutschland";"28.05.2015";"3";
"ennie moers";"Google Deutschland";"09.05.2015";"3";
"versorgungsamt moers";"Bing";"17.05.2015";"3";
"SV Schwafheim";"Google Deutschland";"25.05.2015";"3";
"bürgerservice moers";"Bing";"22.05.2015";"3";
"irish pub moers";"Google Deutschland";"20.05.2015";"3";
"trödelmarkt moers innenstadt";"Google Deutschland";"31.05.2015";"3";
"tierpark moers";"Google Deutschland";"24.05.2015";"3";
"standesamt moers zieht um";"Google Deutschland";"07.05.2015";"3";
"www.moers.de privatzimmer";"Bing";"14.05.2015";"3";

"Lehmpastor Felke Moers";"Ask Jeeves";"07.05.2015";"1";
"stadt moers umzug";"Bing";"06.05.2015";"1";
"Ausweis beantragen";"Google Deutschland";"14.05.2015";"1";
"elektronische abfallkalender moers 2015";"Bing";"12.05.2015";"1";
