"Suchwort";"Letzter Zugriff";"Besucher";
"moers";"31.05.2015";"4716";
"stadt";"31.05.2015";"519";
"tierheim";"31.05.2015";"452";
"in";"31.05.2015";"280";
"trödelmarkt";"31.05.2015";"189";
"2015";"31.05.2015";"168";
"öffnungszeiten";"31.05.2015";"164";
"moerser";"31.05.2015";"133";
"veranstaltungen";"31.05.2015";"107";
"vhs";"31.05.2015";"103";
"bürgerservice";"31.05.2015";"92";
"standesamt";"31.05.2015";"86";
"bibliothek";"31.05.2015";"79";
"rathaus";"31.05.2015";"76";
"jugendamt";"31.05.2015";"75";
"hunde";"30.05.2015";"68";
"Repelen";"31.05.2015";"65";
"tummelferien";"31.05.2015";"64";
"der";"31.05.2015";"60";
"moers.de";"31.05.2015";"58";
"Kirmes";"31.05.2015";"56";
"und";"31.05.2015";"56";
"Enni";"31.05.2015";"54";
"bücherei";"30.05.2015";"53";
"rose";"31.05.2015";"48";
"für";"29.05.2015";"48";
"innenstadt";"31.05.2015";"46";
"Streichelzoo";"31.05.2015";"45";
"kapellen";"31.05.2015";"41";
"musenhof";"31.05.2015";"40";
"stellenangebote";"31.05.2015";"34";
"einwohnermeldeamt";"31.05.2015";"34";
"stadtgespräche";"24.05.2015";"34";
"Frau";"31.05.2015";"34";
"von";"31.05.2015";"33";
"schwafheim";"31.05.2015";"33";
"Bedeutung";"31.05.2015";"33";
"musikschule";"31.05.2015";"32";
"wesel";"29.05.2015";"32";
"am";"31.05.2015";"31";
"schule";"29.05.2015";"31";
"Schloss";"31.05.2015";"30";
"kita";"30.05.2015";"29";
"kantine";"27.05.2015";"29";
"www.moers.de";"26.05.2015";"29";
"umgebung";"31.05.2015";"29";
"festival";"31.05.2015";"28";
"extrablatt";"29.05.2015";"28";
"realschule";"31.05.2015";"28";
"straßenverkehrsamt";"29.05.2015";"28";
"Mörs";"31.05.2015";"27";
"heute";"31.05.2015";"27";
"kindergarten";"31.05.2015";"26";
"reisepass";"30.05.2015";"26";
"gesamtschule";"26.05.2015";"26";
"flohmarkt";"31.05.2015";"26";
"grundschule";"31.05.2015";"25";
"Bürgerbüro";"30.05.2015";"25";
"personalausweis";"29.05.2015";"24";
"Ordnungsamt";"31.05.2015";"24";
"Anmeldung";"29.05.2015";"23";
"die";"31.05.2015";"23";
"knappschaft";"31.05.2015";"23";
"frank";"26.05.2015";"22";
"adresse";"26.05.2015";"22";
"kinder";"30.05.2015";"22";
"Notdienst";"24.05.2015";"22";
"pattberg";"31.05.2015";"21";
"gesundheitsamt";"26.05.2015";"21";
"asberg";"30.05.2015";"21";
"markt";"28.05.2015";"20";
"symbol";"30.05.2015";"20";
"anne";"26.05.2015";"20";
"hüsch";"22.05.2015";"20";
"stadtbücherei";"28.05.2015";"20";
"ist";"31.05.2015";"19";
"kreis";"27.05.2015";"18";
"bethanien";"29.05.2015";"18";
"Cafe";"25.05.2015";"18";
"webcam";"31.05.2015";"18";
"beantragen";"31.05.2015";"18";
"feuerwehr";"31.05.2015";"18";
"trödel";"30.05.2015";"17";
"47441";"31.05.2015";"17";
"Halde";"25.05.2015";"17";
"termine";"31.05.2015";"17";
"was";"31.05.2015";"17";
"e.V.";"30.05.2015";"16";
"mit";"31.05.2015";"16";
"veranstaltung";"31.05.2015";"16";
"telefonnummer";"28.05.2015";"16";
"Museum";"30.05.2015";"16";
"grafschafter";"30.05.2015";"15";
"polizei";"30.05.2015";"15";
"stadtbibliothek";"31.05.2015";"15";
"haus";"28.05.2015";"15";
"kind";"31.05.2015";"15";
"tierschutzverein";"30.05.2015";"15";
"hotel";"31.05.2015";"15";
"Ausländerbehörde";"31.05.2015";"15";
"anmelden";"31.05.2015";"15";
"Bürgermeister";"31.05.2015";"15";
"zulassungsstelle";"28.05.2015";"15";
"heinrich";"31.05.2015";"15";
"meerbeck";"30.05.2015";"14";
"programm";"30.05.2015";"14";
"Sperrmüll";"31.05.2015";"14";
"online";"21.05.2015";"14";
"Stadtfest";"25.05.2015";"14";
"um";"30.05.2015";"14";
"sonntag";"31.05.2015";"14";
"mai";"31.05.2015";"14";
"niederrhein";"31.05.2015";"14";
"hülsdonk";"31.05.2015";"14";
"Dieter";"22.05.2015";"14";
"auf";"29.05.2015";"13";
"jazz";"25.05.2015";"13";
"AWO";"28.05.2015";"13";
"stadtverwaltung";"28.05.2015";"13";
"bei";"28.05.2015";"13";
"krefeld";"29.05.2015";"13";
"Führungszeugnis";"31.05.2015";"13";
"Freizeitpark";"31.05.2015";"13";
"Bild";"30.05.2015";"12";
"duisburg";"27.05.2015";"12";
"Stadtplan";"30.05.2015";"12";
"utfort";"30.05.2015";"12";
"stadtpark";"30.05.2015";"12";
"rosen";"27.05.2015";"12";
"ausbildung";"29.05.2015";"12";
"Moers¡ªWillkommeninMoers!";"31.05.2015";"12";
"bürgerstuben";"30.05.2015";"12";
"strassenverkehrsamt";"31.05.2015";"12";
"pass";"29.05.2015";"12";
"geschäfte";"30.05.2015";"12";
"Wunschkennzeichen";"29.05.2015";"12";
"vom";"30.05.2015";"11";
"park";"22.05.2015";"11";
"ferienwohnung";"29.05.2015";"11";
"nord";"29.05.2015";"11";
"im";"31.05.2015";"11";
"festivalhalle";"28.05.2015";"11";
"wochenmarkt";"29.05.2015";"11";
"hundesteuer";"23.05.2015";"11";
"gymnasium";"28.05.2015";"11";
"frühstück";"29.05.2015";"11";
"wie";"29.05.2015";"11";
"moer";"27.05.2015";"11";
"eick";"19.05.2015";"11";
"telefon";"28.05.2015";"10";
"straße";"23.05.2015";"10";
"rheinkamp";"27.05.2015";"10";
"wann";"31.05.2015";"10";
"forum";"31.05.2015";"10";
"aus";"31.05.2015";"10";
"volkshochschule";"31.05.2015";"10";
"west";"28.05.2015";"10";
"fundbüro";"31.05.2015";"10";
"versorgungsamt";"29.05.2015";"10";
"krankenhaus";"29.05.2015";"10";
"NRW";"28.05.2015";"10";
"Friedhof";"31.05.2015";"10";
"antrag";"29.05.2015";"10";
"abfallkalender";"31.05.2015";"10";
"caritas";"31.05.2015";"10";
"hochzeit";"29.05.2015";"10";
"ost";"21.05.2015";"9";
"lesekreis";"27.05.2015";"9";
"neues";"28.05.2015";"9";
"Jungbornpark";"30.05.2015";"9";
"spielplatz";"30.05.2015";"9";
"www";"24.05.2015";"9";
"grafengalerie";"25.05.2015";"9";
"betriebshof";"31.05.2015";"9";
"st";"30.05.2015";"9";
"arbeit";"27.05.2015";"9";
"kinderausweis";"30.05.2015";"9";
"pfingsten";"24.05.2015";"9";
"mieten";"27.05.2015";"9";
"Heiraten";"29.05.2015";"9";
"bahnhof";"30.05.2015";"9";
"liebig";"28.05.2015";"9";
"dlz";"18.05.2015";"8";
"berufskolleg";"27.05.2015";"8";
"Kindergeburtstag";"26.05.2015";"8";
"Beratungsstelle";"29.05.2015";"8";
"parken";"29.05.2015";"8";
"kamp-lintfort";"30.05.2015";"8";
"Bilder";"27.05.2015";"8";
"nach";"31.05.2015";"8";
"Marketing";"30.05.2015";"8";
"wohnen";"31.05.2015";"8";
"verkaufsoffener";"31.05.2015";"8";
"Freizeitaktivitäten";"31.05.2015";"8";
"schlosspark";"24.05.2015";"8";
"ich";"29.05.2015";"8";
"los";"31.05.2015";"8";
"man";"28.05.2015";"8";
"justus";"28.05.2015";"8";
"ggs";"21.05.2015";"8";
"telefonbuch";"29.05.2015";"8";
"trödelmärkte";"17.05.2015";"8";
"trodelmarkt";"28.05.2015";"8";
"hanns";"15.05.2015";"7";
"de";"24.05.2015";"7";
"ausweis";"31.05.2015";"7";
"GmbH";"30.05.2015";"7";
"Aumühle";"31.05.2015";"7";
"amt";"25.05.2015";"7";
"kurse";"30.05.2015";"7";
"hermann";"27.05.2015";"7";
"zgm";"21.05.2015";"7";
"wo";"23.05.2015";"7";
"Troedelmarkt";"30.05.2015";"7";
"SV";"25.05.2015";"7";
"Katzen";"30.05.2015";"7";
"2014";"31.05.2015";"7";
"ein";"28.05.2015";"7";
"-";"28.05.2015";"7";
"altstadt";"31.05.2015";"7";
"den";"28.05.2015";"7";
"arbeitsamt";"29.05.2015";"7";
"jazzfestival";"25.05.2015";"7";
"geburtsurkunde";"29.05.2015";"7";
"facebook";"23.05.2015";"7";
"spielmobil";"27.05.2015";"7";
"bauamt";"29.05.2015";"7";
"das";"30.05.2015";"7";
"kfz";"19.05.2015";"7";
"karte";"28.05.2015";"7";
"pension";"30.05.2015";"7";
"hilfe";"29.05.2015";"6";
"runge";"27.05.2015";"6";
"city";"31.05.2015";"6";
"bildungsscheck";"31.05.2015";"6";
"lehrer";"27.05.2015";"6";
"comedy";"29.05.2015";"6";
"wohnberechtigungsschein";"28.05.2015";"6";
"kosten";"30.05.2015";"6";
"www.moers";"25.05.2015";"6";
"jugendzentrum";"31.05.2015";"6";
"einer";"29.05.2015";"6";
"gewerbeamt";"31.05.2015";"6";
"hauptschule";"30.05.2015";"6";
"Peter";"29.05.2015";"6";
"hans";"22.05.2015";"6";
"Parkplatz";"30.05.2015";"6";
"rathausplatz";"29.05.2015";"6";
"hund";"30.05.2015";"6";
"kurs";"31.05.2015";"6";
"moers,";"20.05.2015";"6";
"deutsche";"26.05.2015";"6";
"van";"31.05.2015";"6";
"astrid";"28.05.2015";"6";
"parkausweis";"21.05.2015";"6";
"eschenburgschule";"21.05.2015";"6";
"tv";"16.05.2015";"6";
"preis";"29.05.2015";"6";
"oeffnungszeiten";"18.05.2015";"6";
"an";"31.05.2015";"6";
"Städtische";"30.05.2015";"6";
"Geschichte";"26.05.2015";"6";
"vorläufiger";"29.05.2015";"6";
"fest";"26.05.2015";"6";
"VERKEHR";"23.05.2015";"6";
"pub";"31.05.2015";"6";
"thomas";"31.05.2015";"6";
"Parkhaus";"31.05.2015";"6";
"freizeit";"25.05.2015";"6";
"ärztlicher";"27.05.2015";"6";
"frohm";"31.05.2015";"6";
"Einkaufen";"25.05.2015";"6";
"jobs";"28.05.2015";"6";
"preise";"30.05.2015";"6";
"tel";"20.05.2015";"6";
"stadtmoers";"29.05.2015";"6";
"1";"29.05.2015";"6";
"stadtteile";"31.05.2015";"6";
"formular";"22.05.2015";"5";
"bebauungsplan";"29.05.2015";"5";
"Google";"28.05.2015";"5";
"polizeiliches";"31.05.2015";"5";
"gewerbe";"31.05.2015";"5";
"rentenversicherung";"21.05.2015";"5";
"grundstücke";"26.05.2015";"5";
"adrese";"22.05.2015";"5";
"tierpark";"24.05.2015";"5";
"raum";"27.05.2015";"5";
"fachbereich";"28.05.2015";"5";
"passbild";"28.05.2015";"5";
"grundsteuer";"31.05.2015";"5";
"wohnung";"27.05.2015";"5";
"nähe";"30.05.2015";"5";
"lindgren";"28.05.2015";"5";
"ummelden";"31.05.2015";"5";
"ferienwohnungen";"26.05.2015";"5";
"dorsterfeldschule";"31.05.2015";"5";
"jostenhof";"26.05.2015";"5";
"service";"24.05.2015";"5";
"agentur";"26.05.2015";"5";
"stadtbau";"27.05.2015";"5";
"zu";"30.05.2015";"5";
"deutschland";"21.05.2015";"5";
"herr";"26.05.2015";"5";
"del";"30.05.2015";"5";
"rentenberatung";"29.05.2015";"5";
"finanzamt";"31.05.2015";"5";
"freie";"28.05.2015";"5";
"kirche";"30.05.2015";"5";
"1.";"01.05.2015";"5";
"veranstaltungskalender";"31.05.2015";"5";
"vorläufigen";"28.05.2015";"5";
"bildungszentrum";"27.05.2015";"5";
"denkmal";"26.05.2015";"5";
"sol";"30.05.2015";"5";
"Einkaufszentrum";"22.05.2015";"5";
"tag";"28.05.2015";"5";
"boxen";"30.05.2015";"5";
"http://www.moers.de/C1256D02002E0B7D/0/25A2F435AC7C9A25C1256DE8003BBB93";"28.05.2015";"5";
"eiserne";"29.05.2015";"5";
"strom";"20.05.2015";"5";
"abendschule";"31.05.2015";"5";
"ocakci";"10.05.2015";"5";
"restaurant";"29.05.2015";"5";
"martinstift";"23.05.2015";"5";
"fiddlers";"25.05.2015";"5";
"Zimmer";"15.05.2015";"5";
"cetin";"10.05.2015";"5";
"gelbe";"22.05.2015";"5";
"frauen";"24.05.2015";"5";
"wbs";"31.05.2015";"5";
"jugendbüro";"29.05.2015";"5";
"bürger";"29.05.2015";"5";
"emma";"31.05.2015";"5";
"Mercator";"20.05.2015";"5";
"familie";"26.05.2015";"5";
"spielplätze";"18.05.2015";"5";
"wer";"27.05.2015";"5";
"schwerbehinderung";"29.05.2015";"5";
"kantinen";"27.05.2015";"4";
"lernen";"25.05.2015";"4";
"betreutes";"31.05.2015";"4";
"cjd";"18.05.2015";"4";
"Grünflächenamt";"20.05.2015";"4";
"lauersfort";"29.05.2015";"4";
"visum";"28.05.2015";"4";
"nachholen";"27.05.2015";"4";
"eichenstrasse";"26.05.2015";"4";
"arzt";"13.05.2015";"4";
"Offenen";"28.05.2015";"4";
"anne-frank-gesamtschule";"22.05.2015";"4";
"Kultur";"21.05.2015";"4";
"über";"27.05.2015";"4";
"privatzimmer";"14.05.2015";"4";
"vereine";"28.05.2015";"4";
"tüv";"28.05.2015";"4";
"nachtabschaltung";"26.05.2015";"4";
"10.05.2015";"10.05.2015";"4";
"Familienzentrum";"31.05.2015";"4";
"verlängern";"29.05.2015";"4";
"Olaf";"15.05.2015";"4";
"termin";"25.05.2015";"4";
"arbeitsagentur";"19.05.2015";"4";
"Thompson";"30.05.2015";"4";
"claus";"29.05.2015";"4";
"gewerbeabmeldung";"07.05.2015";"4";
"mondrian";"19.05.2015";"4";
"barbarastraße";"11.05.2015";"4";
"moera";"28.05.2015";"4";
"Julia";"22.05.2015";"4";
"werden";"21.05.2015";"4";
"waldschule";"30.05.2015";"4";
"bundesknappschaft";"21.05.2015";"4";
"st.";"07.05.2015";"4";
"albert-schweitzer-schule";"22.05.2015";"4";
"fundsachen";"28.05.2015";"4";
"wirbelauer";"18.05.2015";"4";
"arts";"29.05.2015";"4";
"kindertrödel";"31.05.2015";"4";
"oder";"19.05.2015";"4";
"versteigerung";"28.05.2015";"4";
"geburtstag";"17.05.2015";"4";
"pfeiffer";"28.05.2015";"4";
"hof";"27.05.2015";"4";
"mitarbeiter";"28.05.2015";"4";
"einwohnerzahl";"18.05.2015";"4";
"Sozialamt";"13.05.2015";"4";
"niag";"30.05.2015";"4";
"zum";"28.05.2015";"4";
"verkaufsoffen";"31.05.2015";"4";
"fax";"21.05.2015";"4";
"bogenschießen";"11.05.2015";"4";
"Jugendgerichtshilfe";"27.05.2015";"4";
"zoo";"28.05.2015";"4";
"irish";"30.05.2015";"4";
"streik";"30.05.2015";"4";
"radwandertag";"31.05.2015";"4";
"schneider";"31.05.2015";"4";
"baugrundstücke";"21.05.2015";"4";
"Monokel";"24.05.2015";"4";
"pflanzentauschbörse";"08.05.2015";"4";
"gewerbeanmeldung";"26.05.2015";"4";
"Tiefbauamt";"18.05.2015";"4";
"als";"25.05.2015";"4";
"fussball";"23.05.2015";"4";
"beratung";"27.05.2015";"4";
"Rheinpreussen";"24.05.2015";"4";
"Rheinpreußen";"16.05.2015";"4";
"Weihnachtsmarkt";"30.05.2015";"4";
"schuldnerberatung";"28.05.2015";"4";
"bis";"31.05.2015";"4";
"Förderschule";"22.05.2015";"4";
"Museumstag";"17.05.2015";"4";
"grundstückspreise";"23.05.2015";"4";
"ummeldung";"17.05.2015";"4";
"Berlin";"31.05.2015";"4";
"Beistandschaft";"12.05.2015";"4";
"hat";"26.05.2015";"4";
"TierheimMoers";"21.05.2015";"4";
"scherpenberg";"28.05.2015";"4";
"moers.";"31.05.2015";"4";
"https://www.moers.de/C1257221003F2394/html/7888E49A79154CB5C125773400414068?OpenDocument";"25.05.2015";"4";
"tagesmutter";"30.05.2015";"4";
"kurzzeitpflege";"27.05.2015";"4";
"fuer";"26.05.2015";"4";
"homberger";"18.05.2015";"4";
"speiseplan";"27.05.2015";"4";
"steffi";"27.05.2015";"4";
"solimare";"26.05.2015";"4";
"schloß";"27.05.2015";"4";
"Bauverein";"19.05.2015";"4";
"alone";"31.05.2015";"4";
"kann";"23.05.2015";"4";
"Bürgeramt";"29.05.2015";"4";
"pdf";"18.05.2015";"3";
"tafel";"28.05.2015";"3";
"kulturzentrum";"21.05.2015";"3";
"Eltern";"29.05.2015";"3";
"Rüttgersweg";"22.05.2015";"3";
"eine";"27.05.2015";"3";
"bücherrei";"29.05.2015";"3";
"kinderwunschzentrum";"31.05.2015";"3";
"web";"24.05.2015";"3";
"morgen";"30.05.2015";"3";
"zeichen";"19.05.2015";"3";
"marien";"25.05.2015";"3";
"ab";"24.05.2015";"3";
"rund";"28.05.2015";"3";
"bewerbung";"18.05.2015";"3";
"jungborn";"28.05.2015";"3";
"rechnungsprüfung";"19.05.2015";"3";
"augenarzt";"17.05.2015";"3";
"möglichkeiten";"26.05.2015";"3";
"drachenfest";"22.05.2015";"3";
"nähkurs";"20.05.2015";"3";
"schloßpark";"29.05.2015";"3";
"pusenhof";"27.05.2015";"3";
"kunst";"26.05.2015";"3";
"geschwister";"18.05.2015";"3";
"josefkrankenhaus";"16.05.2015";"3";
"neuer";"28.05.2015";"3";
"Tiefbau";"23.05.2015";"3";
"3";"26.05.2015";"3";
"fahrradtour";"24.05.2015";"3";
"komme";"29.05.2015";"3";
"öffnungszeit";"18.05.2015";"3";
"tirhaim";"22.05.2015";"3";
"Sportplatz";"26.05.2015";"3";
"bollwerk";"29.05.2015";"3";
"stellplatz";"18.05.2015";"3";
"parkgebühren";"07.05.2015";"3";
"ennie";"09.05.2015";"3";
"zieht";"07.05.2015";"3";
"symbolik";"31.05.2015";"3";
"Grubenlampe";"25.05.2015";"3";
"leben";"28.05.2015";"3";
"unterhalt";"21.05.2015";"3";
"basteln";"23.05.2015";"3";
"dem";"24.05.2015";"3";
"scholl";"18.05.2015";"3";
"vinn";"30.05.2015";"3";
"flächennutzungsplan";"24.05.2015";"3";
"wolfgang";"28.05.2015";"3";
"waldsee";"25.05.2015";"3";
"e";"14.05.2015";"3";
"Strasse";"29.05.2015";"3";
"sich";"26.05.2015";"3";
"Edeka";"28.05.2015";"3";
"juni";"28.05.2015";"3";
"Dorfkirche";"30.05.2015";"3";
"eichenstraße";"31.05.2015";"3";
"Maketing";"25.05.2015";"3";
"öffentlicher";"28.05.2015";"3";
"bundesagentur";"27.05.2015";"3";
"erholungsgebiet";"31.05.2015";"3";
"troedel";"24.05.2015";"3";
"tc";"15.05.2015";"3";
"Hotels";"25.05.2015";"3";
"mattheck";"30.05.2015";"3";
"peschkenhaus";"05.05.2015";"3";
"kinderreisepass";"19.05.2015";"3";
"möers";"26.05.2015";"3";
"wohngeld";"22.05.2015";"3";
"nicht";"26.05.2015";"3";
"feste";"11.05.2015";"3";
"4";"18.05.2015";"3";
"friedhöfe";"25.05.2015";"3";
"schützenverein";"24.05.2015";"3";
"24.05.2015";"24.05.2015";"3";
"tonne";"22.05.2015";"3";
"foto";"29.05.2015";"3";
"bodenrichtwert";"30.05.2015";"3";
"krabbelgruppe";"29.05.2015";"3";
"mittelalter";"10.05.2015";"3";
"einen";"28.05.2015";"3";
"ausländeramt";"21.05.2015";"3";
"jörg";"10.05.2015";"3";
"asberger";"30.05.2015";"3";
"baugenehmigung";"16.05.2015";"3";
"www.stadt";"25.05.2015";"3";
"Filder";"28.05.2015";"3";
"Internationaler";"17.05.2015";"3";
"tierheim-moers.de";"24.05.2015";"3";
"bauaufsichtsamt";"19.05.2015";"3";
"bereich";"30.05.2015";"3";
"heike";"31.05.2015";"3";
"kunstpfad";"30.05.2015";"3";
"dreharbeiten";"31.05.2015";"3";
"kirchengemeinde";"27.05.2015";"3";
"ehrenamtlich";"29.05.2015";"3";
"Daniel";"30.05.2015";"3";
"eichendorfschule";"17.05.2015";"3";
"OGS";"30.05.2015";"3";
"Anwohner";"17.05.2015";"3";
"47443";"31.05.2015";"3";
"turnverein";"28.05.2015";"3";
"augenärztlicher";"23.05.2015";"3";
"Kamp";"31.05.2015";"3";
"Mors";"31.05.2015";"3";
"trödelmarkttermine";"24.05.2015";"3";
"jamila";"29.05.2015";"3";
"de.";"25.05.2015";"3";
"Sehenswürdigkeiten";"25.05.2015";"3";
"10.5.15";"10.05.2015";"3";
"wird";"30.05.2015";"3";
"ev";"18.05.2015";"3";
"spanisch";"27.05.2015";"3";
"haagstraße";"26.05.2015";"3";
"pflegekinder";"24.05.2015";"3";
"Ludger";"30.05.2015";"3";
"schützenfest";"28.05.2015";"3";
"Baby";"12.05.2015";"3";
"sparkasse";"28.05.2015";"3";
"islam";"23.05.2015";"3";
"Regenbogenschule";"23.05.2015";"3";
"sponsorenlauf";"29.05.2015";"3";
"Diakonie";"29.05.2015";"3";
"verdi";"27.05.2015";"3";
"Schulen";"28.05.2015";"3";
"baumkreisroute";"18.05.2015";"3";
"juno";"30.05.2015";"3";
"Genehmigung";"30.05.2015";"3";
"scheidung";"27.05.2015";"3";
"mewes";"29.05.2015";"3";
"schacht";"23.05.2015";"3";
"homepage";"25.05.2015";"3";
"möblierte";"13.05.2015";"3";
"eschenburg";"18.05.2015";"3";
"kostenloser";"13.05.2015";"3";
"bucherei";"19.05.2015";"3";
"stelle";"29.05.2015";"3";
"tennisclub";"19.05.2015";"3";
"kinderturnen";"26.05.2015";"3";
"Auto";"31.05.2015";"3";
"dienstleistungszentrum";"31.05.2015";"3";
"rundfunkgebührenbefreiung";"26.05.2015";"3";
"cam";"24.05.2015";"3";
"Übersicht";"30.05.2015";"3";
"buergerservice";"17.05.2015";"3";
"see";"22.05.2015";"3";
"https://www.moers.de/C12572210040545A/html/C532479FFE97F64CC12574FE00304393?opendocument";"20.05.2015";"3";
"anschrift";"27.05.2015";"3";
"17.05.2015";"17.05.2015";"3";
"Hgb";"28.05.2015";"3";
"tel.";"19.05.2015";"3";
"alten";"14.05.2015";"3";
"wilbers";"28.05.2015";"3";
"Seniorentheater";"20.05.2015";"3";
"Schulamt";"20.05.2015";"3";
"Youtube";"25.05.2015";"3";
"Roma";"31.05.2015";"3";
"spielhaus";"19.05.2015";"2";
"namensänderung";"13.05.2015";"2";
"museen";"17.05.2015";"2";
"violine";"05.05.2015";"2";
"stadtmarketing";"29.05.2015";"2";
"tieheim";"10.05.2015";"2";
"technik";"27.05.2015";"2";
"neukirchen-vluyn";"27.05.2015";"2";
"216";"09.05.2015";"2";
"Buergerstube";"07.05.2015";"2";
"konzerte";"27.05.2015";"2";
"Sport";"29.05.2015";"2";
"moerspass";"15.05.2015";"2";
"wappen";"31.05.2015";"2";
"fotos";"28.05.2015";"2";
"Altenheim";"22.05.2015";"2";
"Kurssuche";"22.05.2015";"2";
"grundbesitzabgaben";"27.05.2015";"2";
"englisch";"24.05.2015";"2";
"christoph";"18.05.2015";"2";
"linie";"19.05.2015";"2";
"verkehrsübungspark";"26.05.2015";"2";
"Zentralbücherei";"19.05.2015";"2";
"hakenkreuz";"26.05.2015";"2";
"e.V";"29.05.2015";"2";
"24.05.15";"24.05.2015";"2";
"eiscafe";"28.05.2015";"2";
"gefängnis";"28.05.2015";"2";
"behinderten";"19.05.2015";"2";
"neu";"20.05.2015";"2";
"&";"13.05.2015";"2";
"lauersforter";"25.05.2015";"2";
"kindertagesstätte";"31.05.2015";"2";
"falk";"31.05.2015";"2";
"thorsten";"28.05.2015";"2";
"Pohl";"17.05.2015";"2";
"Abend";"07.05.2015";"2";
"huelsdonk";"31.05.2015";"2";
"finke";"04.05.2015";"2";
"Gaß";"26.05.2015";"2";
"moers-bibliothek";"23.05.2015";"2";
"ansprechpartner";"26.05.2015";"2";
"www.tierheim";"11.05.2015";"2";
"mühle";"15.05.2015";"2";
"weiter";"31.05.2015";"2";
"irischer";"31.05.2015";"2";
"tür";"28.05.2015";"2";
"gmeiner";"08.05.2015";"2";
"gemeinde";"24.05.2015";"2";
"familia";"22.05.2015";"2";
"Notfallkarte";"29.05.2015";"2";
"Schlösser";"25.05.2015";"2";
"www.stadt-moers.de";"26.05.2015";"2";
"schiwek";"26.05.2015";"2";
"angelschein";"27.05.2015";"2";
"erweitertes";"19.05.2015";"2";
"www.musenhof.moers.de";"22.05.2015";"2";
"holderberg";"15.05.2015";"2";
"ktc";"06.05.2015";"2";
"Katholische";"30.05.2015";"2";
"Moers-Hülsdonk";"28.05.2015";"2";
"alte";"23.05.2015";"2";
"Wanderwege";"24.05.2015";"2";
"Nordrhein-Westfalen";"23.05.2015";"2";
"https://www.moers.de/C125724100540449/0/2F13135378204C9DC125788000470A1D?opendocument";"09.05.2015";"2";
"Moers-";"23.05.2015";"2";
"Wall";"31.05.2015";"2";
"josef";"21.05.2015";"2";
"europa";"22.05.2015";"2";
"Paritätischer";"05.05.2015";"2";
"schein";"31.05.2015";"2";
"jugendeinrichtung";"27.05.2015";"2";
"beatrix";"18.05.2015";"2";
"25.05.15";"25.05.2015";"2";
"buecherei";"24.05.2015";"2";
"anfahrt";"29.05.2015";"2";
"Personalamt";"29.05.2015";"2";
"padberg";"28.05.2015";"2";
"eheregister";"11.05.2015";"2";
"heim";"21.05.2015";"2";
"stockrahmsfeld";"22.05.2015";"2";
"ritter";"31.05.2015";"2";
"führerschein";"20.05.2015";"2";
"arbeitsprozess";"21.05.2015";"2";
"wassermühle";"24.05.2015";"2";
"entsorgen";"13.05.2015";"2";
"buffet";"24.05.2015";"2";
"C&A";"27.05.2015";"2";
"moets";"19.05.2015";"2";
"Michaela";"27.05.2015";"2";
"fr";"14.05.2015";"2";
"Arbeitgeber";"07.05.2015";"2";
"getränke";"30.05.2015";"2";
"braucht";"22.05.2015";"2";
"radtouren";"24.05.2015";"2";
"pflegewohngeld";"25.05.2015";"2";
"kladetzky";"27.05.2015";"2";
"cameli";"28.05.2015";"2";
"gotthard";"27.05.2015";"2";
"erforderlich";"20.05.2015";"2";
"Rollstuhl";"04.05.2015";"2";
"Niederrhein-Löwen";"22.05.2015";"2";
"wessels";"04.05.2015";"2";
"www.enni.de";"26.05.2015";"2";
"barfusspfad";"25.05.2015";"2";
"öpnv";"30.05.2015";"2";
"taxi";"19.05.2015";"2";
"yoga";"12.05.2015";"2";
"projekt";"20.05.2015";"2";
"königlicher";"16.05.2015";"2";
"erlenweg";"19.05.2015";"2";
"verschenken";"24.05.2015";"2";
"untere";"27.05.2015";"2";
"knöllchen";"24.05.2015";"2";
"hexenverfolgung";"30.05.2015";"2";
"Stellenausschreibung";"27.05.2015";"2";
"jugend";"26.05.2015";"2";
"brandt";"28.05.2015";"2";
"usa";"28.05.2015";"2";
"sbm";"26.05.2015";"2";
"Rock";"16.05.2015";"2";
"www.st.marienschule";"13.05.2015";"2";
"spin";"27.05.2015";"2";
"GESPENSTER";"10.05.2015";"2";
"rheinberg";"26.05.2015";"2";
"ssv";"19.05.2015";"2";
"Fachdienst";"21.05.2015";"2";
"Kinder-und";"27.05.2015";"2";
"private";"27.05.2015";"2";
"grünschnitt";"13.05.2015";"2";
"moers-vinn";"28.05.2015";"2";
"grafen";"31.05.2015";"2";
"zentrum";"03.05.2015";"2";
"Pütz";"15.05.2015";"2";
"17.5.2015";"17.05.2015";"2";
"ausländer";"11.05.2015";"2";
"ditib";"04.05.2015";"2";
"Evangelische";"31.05.2015";"2";
"30.05.2015";"30.05.2015";"2";
"mittelalterliche";"14.05.2015";"2";
"rhein";"16.05.2015";"2";
"stellenanzeigen";"15.05.2015";"2";
"mir";"13.05.2015";"2";
"elterngeld";"11.05.2015";"2";
"türkisch";"09.05.2015";"2";
"Gelsenkirchen";"19.05.2015";"2";
"valk";"29.05.2015";"2";
"claudia";"15.05.2015";"2";
"umziehen";"28.05.2015";"2";
"cocktails";"29.05.2015";"2";
"kurzestr";"15.05.2015";"2";
"Erziehungsberatung";"20.05.2015";"2";
"Uhrzeit";"16.05.2015";"2";
"kundenservice";"19.05.2015";"2";
"telefonnr.";"25.05.2015";"2";
"anleinpflicht";"25.05.2015";"2";
"bar";"29.05.2015";"2";
"theater";"15.05.2015";"2";
"senioren";"17.05.2015";"2";
"niederrheinischer";"31.05.2015";"2";
"drogenberatung";"29.05.2015";"2";
"bucherrei";"21.05.2015";"2";
"Tervoort";"21.05.2015";"2";
"Adolfinum";"22.05.2015";"2";
"strebergarten";"22.05.2015";"2";
"stadtteilbücherei";"19.05.2015";"2";
"nuhr";"10.05.2015";"2";
"stellen";"23.05.2015";"2";
"Römerstrasse";"27.05.2015";"2";
"in47445";"06.05.2015";"2";
"spielplatzpate";"13.05.2015";"2";
"OPAC";"20.05.2015";"2";
"machen";"19.05.2015";"2";
"17";"17.05.2015";"2";
"weissmann";"05.05.2015";"2";
"Polizeisportschützen";"30.05.2015";"2";
"Sabine";"09.05.2015";"2";
"tanzbar";"15.05.2015";"2";
"Niederrheinische";"08.05.2015";"2";
"moemoers";"30.05.2015";"2";
"Jakobsweg";"22.05.2015";"2";
"frühstücken";"20.05.2015";"2";
"mutter";"07.05.2015";"2";
"uhrschule";"27.05.2015";"2";
"Länder";"20.05.2015";"2";
"wirtschaft";"26.05.2015";"2";
"telefonverzeichnis";"06.05.2015";"2";
"Konrad";"29.05.2015";"2";
"Str.";"30.05.2015";"2";
"verkehrsberuhigter";"24.05.2015";"2";
"einrichtung";"19.05.2015";"2";
"kitastreik";"26.05.2015";"2";
"chronik";"27.05.2015";"2";
"lena";"30.05.2015";"2";
"1900";"09.05.2015";"2";
"kindern";"20.05.2015";"2";
"Braun";"09.05.2015";"2";
"mülltonne";"05.05.2015";"2";
"flipo";"26.05.2015";"2";
"arndt";"20.05.2015";"2";
"kapelle";"31.05.2015";"2";
"kappelen";"11.05.2015";"2";
"beitrag";"28.05.2015";"2";
"kostenlos";"14.05.2015";"2";
"internationale";"26.05.2015";"2";
"per";"17.05.2015";"2";
"Kautzstraße";"15.05.2015";"2";
"anmeldeformular";"17.05.2015";"2";
"gemeindeordnung";"17.05.2015";"2";
"diethelm";"31.05.2015";"2";
"zur";"21.05.2015";"2";
"glaube";"25.05.2015";"2";
"Zentrale";"11.05.2015";"2";
"Wohnsitz";"12.05.2015";"2";
"gewerbesteuer";"15.05.2015";"2";
"Flüchtlinge";"28.05.2015";"2";
"muttertag";"10.05.2015";"2";
"freibad";"23.05.2015";"2";
"stadtarchiv";"20.05.2015";"2";
"meine";"16.05.2015";"2";
"pestalozzistr";"08.05.2015";"2";
"jobcenter";"23.05.2015";"2";
"47447";"14.05.2015";"2";
"dvb";"10.05.2015";"2";
"cdu";"14.05.2015";"2";
"speisepläne";"13.05.2015";"2";
"Bauvorhaben";"17.05.2015";"2";
"sonneck";"13.05.2015";"2";
"säcke";"17.05.2015";"2";
"Verpflichtungserklärung";"26.05.2015";"2";
"Schiedsmann";"24.05.2015";"2";
"unterm";"26.05.2015";"2";
"andrea";"17.05.2015";"2";
"https://www.moers.de/C125724100540449/0/91CEB3FD333221AEC125788000470A22?opendocument";"27.05.2015";"2";
"Niep";"28.05.2015";"2";
"geldermann";"12.05.2015";"2";
"http://www.moers.de/C1256D02002E0B7D/html/11B4196D4BBFFA31C1256DE80036DF91";"18.05.2015";"2";
"boxverein";"18.05.2015";"2";
"Umzug";"06.05.2015";"2";
"drehort";"25.05.2015";"2";
"jriri";"25.05.2015";"2";
"werkstatt";"30.05.2015";"2";
"ogata";"21.05.2015";"2";
"t";"10.05.2015";"2";
"Kollegium";"28.05.2015";"2";
"boogie";"29.05.2015";"2";
"berufsfeuerwehr";"26.05.2015";"2";
"helfen";"22.05.2015";"2";
"Trodel";"10.05.2015";"2";
"arbeitslos";"26.05.2015";"2";
"ulrich";"25.05.2015";"2";
"marie";"13.05.2015";"2";
"bierdoktor";"25.05.2015";"2";
"mühlenstr";"20.05.2015";"2";
"Cello";"21.05.2015";"2";
"dillmann";"29.05.2015";"2";
"geschäftsstelle";"14.05.2015";"2";
"Afrika";"31.05.2015";"2";
"EHRENBÜRGER";"28.05.2015";"2";
"fur";"27.05.2015";"2";
"hoffnungsstraße";"08.05.2015";"2";
"gehts";"31.05.2015";"2";
"Kaschel";"14.05.2015";"2";
"Gesamtschulen";"08.05.2015";"2";
"empfang";"10.05.2015";"2";
"musik";"21.05.2015";"2";
"ausschreibungen";"21.05.2015";"2";
"kaminski";"21.05.2015";"2";
"Tourismus";"28.05.2015";"2";
"ausstellung";"10.05.2015";"2";
"barbara";"16.05.2015";"2";
"proberaum";"30.05.2015";"2";
"asylheim";"28.05.2015";"2";
"Benden";"28.05.2015";"2";
"parkfest";"07.05.2015";"2";
"dr";"27.05.2015";"2";
"17.05";"17.05.2015";"2";
"bringemeier";"15.05.2015";"2";
",";"26.05.2015";"2";
"eichendorffschule";"19.05.2015";"2";
"bauernhof";"24.05.2015";"2";
"lohmannsheide";"15.05.2015";"2";
"moersmarketing";"21.05.2015";"2";
"Deutsch";"15.05.2015";"2";
"platz";"08.05.2015";"2";
"https://www.moers.de/C1257221003F2394/html/F6095A4C7DCA96A7C12577ED003232D1?opendocument";"14.05.2015";"2";
"container";"08.05.2015";"2";
"durchführungsvertrag";"28.05.2015";"2";
"stad";"16.05.2015";"2";
"archiv";"27.05.2015";"2";
"soufiane";"25.05.2015";"2";
"h";"28.05.2015";"2";
"Diergardtstraße";"13.05.2015";"2";
"hebesatz";"21.05.2015";"2";
"nummer";"27.05.2015";"2";
"voll";"29.05.2015";"2";
"lage";"05.05.2015";"2";
"unbedenklichkeitsbescheinigung";"31.05.2015";"2";
"bkt";"29.05.2015";"2";
"nr";"27.05.2015";"2";
"thoenes";"26.05.2015";"2";
"tierhilfe";"22.05.2015";"2";
"Gelände";"28.05.2015";"2";
"oktoberfest";"22.05.2015";"2";
"gebaut";"27.05.2015";"2";
"ARGE";"07.05.2015";"2";
"diergardtstr.";"24.05.2015";"2";
"Niederländisch";"24.05.2015";"2";
"filmaufnahmen";"31.05.2015";"2";
"altes";"28.05.2015";"2";
"wohnungen";"13.05.2015";"2";
"Mythologie";"22.05.2015";"2";
"wittfeldhaus";"30.05.2015";"2";
"big";"27.05.2015";"2";
"sinnbild";"23.05.2015";"2";
"lineg";"20.05.2015";"2";
"it";"16.05.2015";"2";
"xanten";"22.05.2015";"2";
"züblin";"28.05.2015";"2";
"zulassung";"12.05.2015";"2";
"naturfreundehaus";"20.05.2015";"2";
"Neumarkt";"26.05.2015";"2";
"a";"11.05.2015";"2";
"pro";"22.05.2015";"2";
"cwwn";"18.05.2015";"2";
"fahrradverleih";"16.05.2015";"2";
"übernachtung";"31.05.2015";"2";
"immobilien";"23.05.2015";"2";
"burgerseric";"05.05.2015";"2";
"Fußgängerzone";"10.05.2015";"2";
"straßen";"10.05.2015";"2";
"dauer";"06.05.2015";"2";
"suche";"21.05.2015";"2";
"haben";"22.05.2015";"2";
"hein";"19.05.2015";"2";
"formulare";"19.05.2015";"2";
"Dr.";"14.05.2015";"2";
"Hülsdonker";"08.05.2015";"2";
"asbär";"12.05.2015";"2";
"repelener";"18.05.2015";"2";
"www.schuetzenfest-vinn.de";"27.05.2015";"2";
"einbürgerung";"21.05.2015";"2";
"1945";"30.05.2015";"2";
"2.";"17.05.2015";"2";
"rentenantrag";"23.05.2015";"2";
"zeit";"20.05.2015";"2";
"barbarastr";"29.05.2015";"2";
"birgit";"29.05.2015";"2";
"anträge";"25.05.2015";"2";
"christian";"25.05.2015";"2";
".";"07.05.2015";"2";
"englischkurs";"10.05.2015";"2";
"Frühstücksbuffet";"14.05.2015";"2";
"bewerbungen";"09.05.2015";"2";
"ehrenring";"22.05.2015";"2";
"224";"31.05.2015";"2";
"marienschule";"18.05.2015";"2";
"barfußpfad";"14.05.2015";"2";
"straßenbeleuchtung";"27.05.2015";"2";
"geburtstagsfeiern";"16.05.2015";"2";
"Filges";"08.05.2015";"2";
"fleischhauer";"18.05.2015";"2";
"post";"26.05.2015";"2";
"Langstrumpf";"31.05.2015";"2";
"site:moers.de";"29.05.2015";"2";
"herman";"03.05.2015";"2";
"Kautzstr";"31.05.2015";"2";
"Gewerbesteuerhebesatz";"21.05.2015";"2";
"?";"10.05.2015";"2";
"nahe";"21.05.2015";"2";
"gewerbegebiet";"05.05.2015";"2";
"Konzert";"22.05.2015";"2";
"ausschreibung";"04.05.2015";"2";
"stadtinfo";"18.05.2015";"2";
"Fieselstr";"17.05.2015";"2";
"des";"28.05.2015";"2";
"brühl";"29.05.2015";"2";
"Wald";"25.05.2015";"2";
"mtv";"08.05.2015";"2";
"laden";"11.05.2015";"2";
"verlängerung";"27.05.2015";"2";
"amtsgericht";"04.05.2015";"2";
"klose";"28.05.2015";"2";
"tierheimmoers.de";"10.05.2015";"2";
"v";"15.05.2015";"2";
"tierheim.moers";"11.05.2015";"2";
"Verwaltung";"28.05.2015";"2";
"https://www.moers.de/C12572410053863A/0/210A58E160ADFCD8C1257244003EFCAB?opendocument";"11.05.2015";"2";
"hauptstelle";"12.05.2015";"2";
"8.5.2015";"20.05.2015";"2";
"bauaufsicht";"13.05.2015";"2";
"öffnung";"23.05.2015";"2";
"straßenverzeichnis";"31.05.2015";"2";
"Gebühren";"15.05.2015";"2";
"Horten";"27.05.2015";"2";
"realabschluss";"27.05.2015";"2";
"logo";"18.05.2015";"2";
"manfred";"27.05.2015";"2";
"29.05.2015";"28.05.2015";"2";
"freund";"08.05.2015";"2";
"blaue";"26.05.2015";"2";
"08";"18.05.2015";"2";
"Moeres";"25.05.2015";"2";
"wohnmobilstellplatz";"29.05.2015";"2";
"Praktikum";"29.05.2015";"2";
"Windelsäcke";"29.05.2015";"2";
"anwohnerparkausweis";"19.05.2015";"2";
"Tina";"24.05.2015";"2";
"einsätze";"20.05.2015";"2";
"team";"21.05.2015";"2";
"natur";"08.05.2015";"2";
"vinner";"08.05.2015";"2";
"Mail";"14.05.2015";"2";
"wieviel";"25.05.2015";"2";
"möbliert";"29.05.2015";"2";
"Pensionen";"25.05.2015";"2";
"fundamt";"29.05.2015";"2";
"www.tierheim-moers.de";"12.05.2015";"2";
"vornamenstatistik";"25.05.2015";"2";
"speichern";"16.05.2015";"2";
"webkamera";"10.05.2015";"2";
"www.bücherei";"16.05.2015";"1";
"infrastruktur";"15.05.2015";"1";
"Melde-";"26.05.2015";"1";
"Raik";"28.05.2015";"1";
"Offnungszeiten";"08.05.2015";"1";
"eingliederungshilfe";"07.05.2015";"1";
"fewo";"18.05.2015";"1";
"anfänger";"11.05.2015";"1";
"1930";"08.05.2015";"1";
"terrassenüberdachung";"02.05.2015";"1";
"notunterkunft";"23.05.2015";"1";
"grabstätte";"27.05.2015";"1";
"Standesbeamtin";"16.05.2015";"1";
"Wandertouren";"30.05.2015";"1";
"straßenlampen";"22.05.2015";"1";
"bylicki";"02.05.2015";"1";
"pippi";"31.05.2015";"1";
"Enni,";"27.05.2015";"1";
"nase";"22.05.2015";"1";
"straßenverkersamt";"20.05.2015";"1";
"extra";"03.05.2015";"1";
"drogen";"19.05.2015";"1";
"Malkowski";"28.05.2015";"1";
"fachabitur";"27.05.2015";"1";
"matschanlage";"19.05.2015";"1";
"roemerstr";"02.05.2015";"1";
"47445";"19.05.2015";"1";
"gepflastert";"17.05.2015";"1";
"schulausschuss";"04.05.2015";"1";
"brauch";"28.05.2015";"1";
"stadtwappen";"08.05.2015";"1";
"kindertagesmutter";"19.05.2015";"1";
"reppelen";"03.05.2015";"1";
"partnerstadt";"18.05.2015";"1";
"wasserturm";"30.05.2015";"1";
"kennenlern";"03.05.2015";"1";
"seminarstraße";"18.05.2015";"1";
"eirik";"17.05.2015";"1";
"Parkplaetze";"24.05.2015";"1";
"nähkurse";"03.05.2015";"1";
"tagesvater";"21.05.2015";"1";
"anerkennen";"17.05.2015";"1";
"landwirtschaftlichen";"07.05.2015";"1";
"Inspektion";"07.05.2015";"1";
"übernachten";"22.05.2015";"1";
"atadt";"22.05.2015";"1";
"petry";"19.05.2015";"1";
"handykurs";"07.05.2015";"1";
"zechenhaus";"12.05.2015";"1";
"sportvereine";"06.05.2015";"1";
"tagestouren";"25.05.2015";"1";
"Stadtver";"04.05.2015";"1";
"Baumsatzung";"08.05.2015";"1";
"spinnen";"03.05.2015";"1";
"radrouten";"06.05.2015";"1";
"gerhard";"07.05.2015";"1";
"23.Mai";"23.05.2015";"1";
"dahmen";"03.05.2015";"1";
"sondernutzungsgenehmigung";"28.05.2015";"1";
"sportamt";"13.05.2015";"1";
"Moers-Kapellen";"14.05.2015";"1";
"ruhige";"29.05.2015";"1";
"geleuchtete";"13.05.2015";"1";
"lhundg";"13.05.2015";"1";
"gestalten";"05.05.2015";"1";
"unechte";"18.05.2015";"1";
"vdsl";"15.05.2015";"1";
"bibliothek-moers.de";"19.05.2015";"1";
"brands";"24.05.2015";"1";
"rot";"27.05.2015";"1";
"auslenderbehorde";"15.05.2015";"1";
"929";"19.05.2015";"1";
"rehn,";"28.05.2015";"1";
"34";"04.05.2015";"1";
"hüpfburgenland";"08.05.2015";"1";
"freizeitradler";"08.05.2015";"1";
"stangenwald";"25.05.2015";"1";
"sanierungsplan";"25.05.2015";"1";
"hauptschulen";"06.05.2015";"1";
"gräberverzeichnis";"13.05.2015";"1";
"annefrankgesamtschule";"05.05.2015";"1";
"hebamme";"06.05.2015";"1";
"bahnanlagen";"23.05.2015";"1";
"knoll";"06.05.2015";"1";
"stadtgespraech";"28.05.2015";"1";
"geschichtstafeln";"12.05.2015";"1";
"ard/zdf";"26.05.2015";"1";
"datensatz";"22.05.2015";"1";
"lesegerät";"03.05.2015";"1";
"gurtbefreiung";"09.05.2015";"1";
"entschuldigung";"11.05.2015";"1";
"Werkstätten";"06.05.2015";"1";
"seifenkistenrennen";"03.05.2015";"1";
"18.05.";"19.05.2015";"1";
"RS4";"15.05.2015";"1";
"Karl";"14.05.2015";"1";
"wimmenauer";"18.05.2015";"1";
"baustopp";"01.05.2015";"1";
"jugendaktionstag";"01.05.2015";"1";
"kindertrödelmarkt";"08.05.2015";"1";
"veranstaltungskaleender";"01.05.2015";"1";
"personalausweid";"01.05.2015";"1";
"sixties,moers";"02.05.2015";"1";
"dekra";"11.05.2015";"1";
"familienbad";"03.05.2015";"1";
"atemschutz";"04.05.2015";"1";
"Rudolf-Schloer-Stift";"09.05.2015";"1";
"-albeck-platz";"04.05.2015";"1";
"bij";"05.05.2015";"1";
"MaJo";"09.05.2015";"1";
"troebs";"06.05.2015";"1";
"Hulsdonk";"19.05.2015";"1";
"Neunkirchner";"06.05.2015";"1";
"schwan";"18.05.2015";"1";
"Videographierung";"06.05.2015";"1";
"juergen";"13.05.2015";"1";
"gradison";"07.05.2015";"1";
"sperrmülll";"08.05.2015";"1";
"events";"25.05.2015";"1";
"simanovic";"08.05.2015";"1";
"urkunde";"03.05.2015";"1";
"trödelmaerte";"09.05.2015";"1";
"kantinenhilfen";"10.05.2015";"1";
"Talstraße";"20.05.2015";"1";
"neuwagen";"10.05.2015";"1";
"gaststaette";"11.05.2015";"1";
"sportschützen";"12.05.2015";"1";
"sommerreifen";"11.05.2015";"1";
"Übernachtungsmöglichkeiten";"31.05.2015";"1";
"schulbusse";"12.05.2015";"1";
"feuerwerk";"30.05.2015";"1";
"hatice";"12.05.2015";"1";
"Abteilungsleiterin";"13.05.2015";"1";
"moers,trumpeter";"14.05.2015";"1";
"arztnitdienst";"14.05.2015";"1";
"Akram";"14.05.2015";"1";
"flächenutzuing";"15.05.2015";"1";
"baudezernt";"15.05.2015";"1";
"17.5,15";"16.05.2015";"1";
"siedlung";"02.05.2015";"1";
"AnmeldungentummelferienAsberg";"17.05.2015";"1";
"hoch";"07.05.2015";"1";
"www.wartezeiten.moers.de";"18.05.2015";"1";
"abmeldung";"31.05.2015";"1";
"tiierheim";"18.05.2015";"1";
"aktuelles";"07.05.2015";"1";
"windelmüllsäcke";"19.05.2015";"1";
"zukunft";"11.05.2015";"1";
"diamantenhocuzeit";"19.05.2015";"1";
"Aue-Mühle";"20.05.2015";"1";
"Blatt";"03.05.2015";"1";
"rechtsvorschriften";"21.05.2015";"1";
"märchen";"20.05.2015";"1";
"roemerstr509";"21.05.2015";"1";
"meyer";"07.05.2015";"1";
"dehn";"22.05.2015";"1";
"Strassen";"18.05.2015";"1";
"nichtmoerser";"22.05.2015";"1";
"26.05.2015";"25.05.2015";"1";
"janot";"25.05.2015";"1";
"kulturbüro";"13.05.2015";"1";
"unterschützung";"26.05.2015";"1";
"bk";"28.05.2015";"1";
"ermordet";"26.05.2015";"1";
"Kondertageseinrichhtungen";"27.05.2015";"1";
"beglaubigung";"21.05.2015";"1";
"Ombudsmanm";"27.05.2015";"1";
"organisation";"21.05.2015";"1";
"kurzzeitpflegestelle";"28.05.2015";"1";
"hartenholm";"28.05.2015";"1";
"1833";"29.05.2015";"1";
"bruehl";"30.05.2015";"1";
"center";"18.05.2015";"1";
"Steintraße,";"31.05.2015";"1";
"müller";"29.05.2015";"1";
"lukassem";"31.05.2015";"1";
"kalender";"27.05.2015";"1";
"allee";"12.05.2015";"1";
"plan";"27.05.2015";"1";
"verkehrsberuhigung";"06.05.2015";"1";
"jahren";"18.05.2015";"1";
"pressestelle";"27.05.2015";"1";
"feuerwache";"28.05.2015";"1";
"arbeiterwohlfahrt";"27.05.2015";"1";
"hause";"05.05.2015";"1";
"Geburtenregister";"12.05.2015";"1";
"einkaufsstraße";"31.05.2015";"1";
"arbeiten";"29.05.2015";"1";
"Mädchen";"23.05.2015";"1";
"Rosendahl";"15.05.2015";"1";
"literatur";"17.05.2015";"1";
"Lohmann";"25.05.2015";"1";
"dankesrede";"03.05.2015";"1";
"drk";"12.05.2015";"1";
"niederrheinroute";"22.05.2015";"1";
"wegen";"26.05.2015";"1";
"raupen";"15.05.2015";"1";
"meister";"22.05.2015";"1";
"mmoers";"30.05.2015";"1";
"trödelmart";"31.05.2015";"1";
"schröder";"09.05.2015";"1";
"Event";"25.05.2015";"1";
"Ulrike";"19.05.2015";"1";
"prof.";"01.05.2015";"1";
"47439";"14.05.2015";"1";
"hartmut";"05.05.2015";"1";
"Duisburg,";"25.05.2015";"1";
"Radwanderweg";"18.05.2015";"1";
"radhaus";"08.05.2015";"1";
"mühlenstraße";"19.05.2015";"1";
"verlust";"28.05.2015";"1";
"Sakuth";"28.05.2015";"1";
"st.marienschule";"25.05.2015";"1";
"Schreiben";"09.05.2015";"1";
"Fechtclub";"23.05.2015";"1";
"Handwerker";"15.05.2015";"1";
"auch";"19.05.2015";"1";
"Bürgerantrag";"24.05.2015";"1";
"presse";"26.05.2015";"1";
"schlosspark-moers";"01.05.2015";"1";
"joachim";"11.05.2015";"1";
"behindertenbeirat";"01.05.2015";"1";
"wartezeit";"16.05.2015";"1";
"leerung";"01.05.2015";"1";
"hüpfburg";"09.05.2015";"1";
"31";"26.05.2015";"1";
"Unterhaltsvorschusskasse";"28.05.2015";"1";
"kaiser";"09.05.2015";"1";
"raummietung";"18.05.2015";"1";
"pläne";"26.05.2015";"1";
"www.grafschafter-museum.de";"25.05.2015";"1";
"skulpturen";"02.05.2015";"1";
"Ratssitzung";"20.05.2015";"1";
"stadttrödelmarkt";"10.05.2015";"1";
"weidler";"21.05.2015";"1";
"ortsverein";"27.05.2015";"1";
"reservieren";"07.05.2015";"1";
"gut";"14.05.2015";"1";
"mütter";"11.05.2015";"1";
"verkehrszählung";"22.05.2015";"1";
"tanzen";"04.05.2015";"1";
"grundschüler";"12.05.2015";"1";
"Diergardt";"07.05.2015";"1";
"gülüzar";"12.05.2015";"1";
"spechthof";"14.05.2015";"1";
"hügel";"20.05.2015";"1";
"show";"08.05.2015";"1";
"re";"21.05.2015";"1";
"spät";"09.05.2015";"1";
"anfordern";"28.05.2015";"1";
"brauchen";"10.05.2015";"1";
"Tragen";"10.05.2015";"1";
"fehlt";"05.05.2015";"1";
"sophia";"21.05.2015";"1";
"such";"12.05.2015";"1";
"bonn";"08.05.2015";"1";
"süd";"17.05.2015";"1";
"Ramle";"10.05.2015";"1";
"Peifer";"05.05.2015";"1";
"Betreeung";"26.05.2015";"1";
"patrick";"21.05.2015";"1";
"tieeheim";"11.05.2015";"1";
"wilfried";"25.05.2015";"1";
"Grabungen";"06.05.2015";"1";
"gräber";"20.05.2015";"1";
"www.TierheimMoers.de";"02.05.2015";"1";
"Kratz";"28.05.2015";"1";
"Chip";"03.05.2015";"1";
"teamleiter";"07.05.2015";"1";
"www.niag.de";"27.05.2015";"1";
"Warum";"26.05.2015";"1";
"kleintiere";"21.05.2015";"1";
"stva";"19.05.2015";"1";
"lechsner";"04.05.2015";"1";
"grundschulen";"15.05.2015";"1";
"lampe";"01.05.2015";"1";
"Therapie";"19.05.2015";"1";
"orgata";"12.05.2015";"1";
"Frauenförderplan";"19.05.2015";"1";
"technikerschule";"27.05.2015";"1";
"jutta";"14.05.2015";"1";
"eichendorf";"10.05.2015";"1";
"Wandel";"13.05.2015";"1";
"fußrath";"02.05.2015";"1";
"geldermannshof";"22.05.2015";"1";
"Hans-Dieter-Hüsch";"26.05.2015";"1";
"wilhelm-";"29.05.2015";"1";
"kurzzeitpflegeplätze";"12.05.2015";"1";
"Musal";"19.05.2015";"1";
"nikolai";"10.05.2015";"1";
"Mai,";"01.05.2015";"1";
"vatertag";"14.05.2015";"1";
"baerl";"09.05.2015";"1";
"3.6.";"19.05.2015";"1";
"uettelsheimer";"22.05.2015";"1";
"1897";"14.05.2015";"1";
"Selbsthilfegruppen";"16.05.2015";"1";
"infektionsschutzbelehrung";"19.05.2015";"1";
"club";"08.05.2015";"1";
"kriegt";"05.05.2015";"1";
"Leitung";"26.05.2015";"1";
"michael";"28.05.2015";"1";
"hubschrauber";"05.05.2015";"1";
"www.straßenverkehrsamt";"28.05.2015";"1";
"Kundenfrequenz";"30.05.2015";"1";
"ueber";"17.05.2015";"1";
"berechtigungsschein";"17.05.2015";"1";
"Schwerin";"06.05.2015";"1";
"muss";"10.05.2015";"1";
"jennifer";"25.05.2015";"1";
"Ortsbürgermeister";"13.05.2015";"1";
"geplantes";"11.05.2015";"1";
"yutube";"31.05.2015";"1";
"kinderveranstaltungen";"16.05.2015";"1";
"goldene";"27.05.2015";"1";
"kleingartenanlage";"02.05.2015";"1";
"Martin";"03.05.2015";"1";
"verkehrsfläche";"14.05.2015";"1";
"veranstalten";"13.05.2015";"1";
"Pfingstkirmes";"12.05.2015";"1";
"willi";"28.05.2015";"1";
"veranstaltungn";"24.05.2015";"1";
"rettungswache";"09.05.2015";"1";
"ALG2";"23.05.2015";"1";
"src-niederrhein";"01.05.2015";"1";
"förderturm";"01.05.2015";"1";
"durchführungsverträge";"19.05.2015";"1";
"Wittfeld";"04.05.2015";"1";
"rendenbach";"02.05.2015";"1";
"weiß";"27.05.2015";"1";
"stadtbüchere";"26.05.2015";"1";
"dlrg";"01.05.2015";"1";
"0,1";"26.05.2015";"1";
"klimaschutzmanager";"26.05.2015";"1";
"straßenmusik";"26.05.2015";"1";
"cafes";"29.05.2015";"1";
"helios";"29.05.2015";"1";
"zahnarzt";"02.05.2015";"1";
"finanziell";"13.05.2015";"1";
"vollkommenheit";"13.05.2015";"1";
"nutten";"07.05.2015";"1";
"geburtenregiester";"06.05.2015";"1";
"textil";"16.05.2015";"1";
"grundsteuererhoehung";"08.05.2015";"1";
"niedrige";"11.05.2015";"1";
"circa";"17.05.2015";"1";
"bekannt";"11.05.2015";"1";
"Sporthalle";"13.05.2015";"1";
"behindertenwerkstatt";"19.05.2015";"1";
"moerd";"03.05.2015";"1";
"rundfunkbefreiung";"02.05.2015";"1";
"schulz";"27.05.2015";"1";
"jeong";"27.05.2015";"1";
"baugrundstück";"26.05.2015";"1";
"piotr";"01.05.2015";"1";
"monstertruck";"31.05.2015";"1";
"27-29";"20.05.2015";"1";
"9.5.2015";"05.05.2015";"1";
"dabrock";"03.05.2015";"1";
"Aberglaube";"01.05.2015";"1";
"galarie";"31.05.2015";"1";
"SPD";"21.05.2015";"1";
"Extrablatt.com";"02.05.2015";"1";
"abfall";"27.05.2015";"1";
"aspfalttiert";"02.05.2015";"1";
"christoph-dudek.de";"03.05.2015";"1";
"elfgen";"28.05.2015";"1";
"taxifarten";"04.05.2015";"1";
"ablauf";"20.05.2015";"1";
"Teichzubehör";"04.05.2015";"1";
"Scwerbehindertenausweis";"05.05.2015";"1";
"bafög";"20.05.2015";"1";
"mühlenstr.";"06.05.2015";"1";
"christiane";"13.05.2015";"1";
"Dinter";"06.05.2015";"1";
"studienberater";"06.05.2015";"1";
"unterfuehrung";"07.05.2015";"1";
"ummeldens";"08.05.2015";"1";
"christi";"14.05.2015";"1";
"urnengraebereinfassungen";"08.05.2015";"1";
"angelika";"08.05.2015";"1";
"rasenmaehen";"09.05.2015";"1";
"kochevent";"10.05.2015";"1";
"schuherhoeung";"11.05.2015";"1";
"krafiti";"11.05.2015";"1";
"polizeidiensstelle";"11.05.2015";"1";
"seniorenzentrum";"12.05.2015";"1";
"rhaber";"12.05.2015";"1";
"rötters";"07.05.2015";"1";
"akyün";"12.05.2015";"1";
"tumelferien";"27.05.2015";"1";
"Personalmarketing";"13.05.2015";"1";
"krüsmann";"19.05.2015";"1";
"Eisleben";"14.05.2015";"1";
"http://www.moers.de/C12572210040C568/html/6015C490466DB7AFC1257BBE004CDD6B?opendocument";"14.05.2015";"1";
"kirschenalle";"27.05.2015";"1";
"streberin";"14.05.2015";"1";
"justus-liebeig-";"15.05.2015";"1";
"chronikfotos";"16.05.2015";"1";
"eingetumwohnung";"17.05.2015";"1";
"blumenpark";"17.05.2015";"1";
"stadtinformation";"28.05.2015";"1";
"Kindertagespfelge";"18.05.2015";"1";
"kinderpsychologie";"18.05.2015";"1";
"römelt";"19.05.2015";"1";
"Märchenparcours";"19.05.2015";"1";
"Entgeltgleichheit";"20.05.2015";"1";
"autogenes";"06.05.2015";"1";
"nordrheinrwestfalen";"21.05.2015";"1";
"sommerakademie";"02.05.2015";"1";
"22.05.15";"21.05.2015";"1";
"fastval";"24.05.2015";"1";
"stellvertretender";"17.05.2015";"1";
"08,07,1958";"25.05.2015";"1";
"pflegekind";"14.05.2015";"1";
"â&#128;&#147;Schule";"26.05.2015";"1";
"trauung";"22.05.2015";"1";
"Straßenlateren";"26.05.2015";"1";
"km";"11.05.2015";"1";
"kinderwunschklinik";"27.05.2015";"1";
"pdft";"27.05.2015";"1";
"gelbekenn";"28.05.2015";"1";
"sportgrupp";"28.05.2015";"1";
"Finkele";"21.05.2015";"1";
"http://www.moers.de/C12572D6004DD690/0/D101C00C02378CC0C1257E49004920DC?opendocument";"29.05.2015";"1";
"moers?";"01.05.2015";"1";
"troedl";"30.05.2015";"1";
"römer";"06.05.2015";"1";
"31.05.15";"31.05.2015";"1";
"maekt";"31.05.2015";"1";
"bürgercenter";"20.05.2015";"1";
"rede";"21.05.2015";"1";
"Neustrasse";"26.05.2015";"1";
"liste";"28.05.2015";"1";
"jugendheim";"22.05.2015";"1";
"wiederkehrende";"12.05.2015";"1";
"einzelhandel";"02.05.2015";"1";
"Besuchsaufenthalte";"03.05.2015";"1";
"becker";"13.05.2015";"1";
"inMoers";"24.05.2015";"1";
"heißt";"07.05.2015";"1";
"Europaschule";"14.05.2015";"1";
"handelskammer";"29.05.2015";"1";
"denkmäler";"11.05.2015";"1";
"Landwehrstraße";"02.05.2015";"1";
"vater";"22.05.2015";"1";
"lutz";"26.05.2015";"1";
"italienisch";"27.05.2015";"1";
"preussen";"16.05.2015";"1";
"grundbuch";"22.05.2015";"1";
"Dorffest";"06.05.2015";"1";
"kennzeichen";"26.05.2015";"1";
"hompage";"10.05.2015";"1";
"hohmann";"05.05.2015";"1";
"recht";"28.05.2015";"1";
"60";"31.05.2015";"1";
"Heilbronn";"29.05.2015";"1";
"trauzimmer";"06.05.2015";"1";
"shop";"04.05.2015";"1";
"Kartoffelfest";"15.05.2015";"1";
"person";"27.05.2015";"1";
"gartenhaus";"16.05.2015";"1";
"Vortrag";"13.05.2015";"1";
"Hüls";"16.05.2015";"1";
"tersteegenhaus";"19.05.2015";"1";
"bekomme";"08.05.2015";"1";
"fenger";"11.05.2015";"1";
"berger";"31.05.2015";"1";
"geburtsanzeigen";"10.05.2015";"1";
"MGV";"25.05.2015";"1";
"gedicht";"01.05.2015";"1";
"Zuständigkeit";"07.05.2015";"1";
"Rechtsgrundlage";"28.05.2015";"1";
"moerser-rocknacht";"19.05.2015";"1";
"Kammerchor";"04.05.2015";"1";
"gespräch";"03.05.2015";"1";
"bewohner";"23.05.2015";"1";
"aquarell";"17.05.2015";"1";
"asv";"02.05.2015";"1";
"ruhezeiten";"07.05.2015";"1";
"familiengericht";"13.05.2015";"1";
"grunddienstbarkeit";"21.05.2015";"1";
"cornelia";"14.05.2015";"1";
"rokokozimmer";"03.05.2015";"1";
"Kaffees";"01.05.2015";"1";
"ERZIEHUNGSVEREIN";"06.05.2015";"1";
"kisek";"10.05.2015";"1";
"fährt";"17.05.2015";"1";
"uhr";"02.05.2015";"1";
"sahin";"12.05.2015";"1";
"müllfibel";"18.05.2015";"1";
"gewerbeummeldung";"17.05.2015";"1";
"morrs";"16.05.2015";"1";
"uhrzeiten";"22.05.2015";"1";
"öffnungs";"01.05.2015";"1";
"Kindergartenkinder";"04.05.2015";"1";
"notfallarzt";"01.05.2015";"1";
"hottel";"10.05.2015";"1";
"altersgruppen";"04.05.2015";"1";
"gehörlosenhilfe";"30.05.2015";"1";
"schilder";"30.05.2015";"1";
"schmitthenner";"02.05.2015";"1";
"joseph";"06.05.2015";"1";
"zulassugsstelle";"15.05.2015";"1";
"strassenbeleuchtung";"23.05.2015";"1";
"Lohmannsheide,";"22.05.2015";"1";
"ina";"26.05.2015";"1";
"angenendt";"02.05.2015";"1";
"hoffman";"05.05.2015";"1";
"adres";"24.05.2015";"1";
"anmeldegebühr";"13.05.2015";"1";
"asylantenheim";"31.05.2015";"1";
"singen";"08.05.2015";"1";
"gärtnerei";"04.05.2015";"1";
".de";"25.05.2015";"1";
"intensive";"12.05.2015";"1";
"Hochstraß";"03.05.2015";"1";
"wasserpreise";"21.05.2015";"1";
"Löll";"21.05.2015";"1";
"mordstein";"14.05.2015";"1";
"Schulabschluss";"22.05.2015";"1";
"papiere";"31.05.2015";"1";
"WOHIN";"16.05.2015";"1";
"bürgerfest";"10.05.2015";"1";
"demografischer";"13.05.2015";"1";
"gemeinschaftsgrundschule";"31.05.2015";"1";
"schuhle";"07.05.2015";"1";
"Innenstadt,";"31.05.2015";"1";
"polack";"28.05.2015";"1";
"petersen";"03.05.2015";"1";
"kommunalwahl";"27.05.2015";"1";
"Franziska";"08.05.2015";"1";
"krzn";"06.05.2015";"1";
"skater";"11.05.2015";"1";
"bedeutungen";"13.05.2015";"1";
"mittelaltermuseum";"25.05.2015";"1";
"Schulverwaltungsamt";"03.05.2015";"1";
"bewerbungsschreiben";"31.05.2015";"1";
"www.afrikafestival-moers.de";"29.05.2015";"1";
"verkehrsbetriebe";"08.05.2015";"1";
"heinrichstraße";"16.05.2015";"1";
"prüfung";"12.05.2015";"1";
"fußweg";"11.05.2015";"1";
"sonderparkerlaubnis";"15.05.2015";"1";
"kressel";"18.05.2015";"1";
"familienstand";"11.05.2015";"1";
"klassenfotos";"09.05.2015";"1";
"weltkrieg";"17.05.2015";"1";
"macht";"27.05.2015";"1";
"Haltestellen";"19.05.2015";"1";
"moving";"24.05.2015";"1";
"schöler";"21.05.2015";"1";
"haftpflichtversicherung";"27.05.2015";"1";
"integrationsamt";"11.05.2015";"1";
"Stadtgeschichte";"28.05.2015";"1";
"Wohnmobil";"09.05.2015";"1";
"Cestnik";"08.05.2015";"1";
"roller";"31.05.2015";"1";
"bevölkerungspyramide";"01.05.2015";"1";
"eick-west";"27.05.2015";"1";
"kinderveranstaltung";"02.05.2015";"1";
"muellfibel";"18.05.2015";"1";
"http://kirmes.moers.de/";"17.05.2015";"1";
"lehm";"05.05.2015";"1";
"schuke";"16.05.2015";"1";
"meldet";"14.05.2015";"1";
"walbusch";"12.05.2015";"1";
"8";"04.05.2015";"1";
"2016";"25.05.2015";"1";
"Beförderung";"12.05.2015";"1";
"Hombergerstr.";"20.05.2015";"1";
"pflegen";"18.05.2015";"1";
"marquardt";"10.05.2015";"1";
"1,47441";"17.05.2015";"1";
"enii";"21.05.2015";"1";
"1000";"21.05.2015";"1";
"betreuer";"31.05.2015";"1";
"selber";"23.05.2015";"1";
"beul";"04.05.2015";"1";
"petra";"07.05.2015";"1";
"schwafheimer";"22.05.2015";"1";
"nellen";"29.05.2015";"1";
"brauhaus";"14.05.2015";"1";
"welteroth";"04.05.2015";"1";
"grafschaft";"27.05.2015";"1";
"beitragservice";"17.05.2015";"1";
"keltische";"22.05.2015";"1";
"licht";"07.05.2015";"1";
"data";"22.05.2015";"1";
"tribute";"15.05.2015";"1";
"www.";"25.05.2015";"1";
"schkeuditz";"30.05.2015";"1";
"1jahr";"14.05.2015";"1";
"eishalle";"05.05.2015";"1";
"www.moerser";"01.05.2015";"1";
"oczkowski";"01.05.2015";"1";
"ehemalige";"28.05.2015";"1";
"stadtradeln.de";"31.05.2015";"1";
"neuen";"15.05.2015";"1";
"Annastr";"25.05.2015";"1";
"Litfort";"03.05.2015";"1";
"berechnung";"17.05.2015";"1";
"ettlingen";"13.05.2015";"1";
"Blindengeld";"20.05.2015";"1";
"Hexenwahn";"01.05.2015";"1";
"www.ferienwohnungen-moers";"22.05.2015";"1";
"1.5.2015";"01.05.2015";"1";
"Musikschule,";"21.05.2015";"1";
"Stadt-47447";"01.05.2015";"1";
"2";"04.05.2015";"1";
"Straßencafes";"02.05.2015";"1";
"28b,";"02.05.2015";"1";
"mindes";"03.05.2015";"1";
"sozialraumteam";"11.05.2015";"1";
"Bezuschussungsregeln";"04.05.2015";"1";
"circus";"14.05.2015";"1";
"rembrandtstraße";"04.05.2015";"1";
"rentenversicherungsstelle";"26.05.2015";"1";
"lebensmittelgewerbe";"05.05.2015";"1";
"bilblithek";"06.05.2015";"1";
"duftöl";"06.05.2015";"1";
"sommer,";"06.05.2015";"1";
"andre";"19.05.2015";"1";
"rheinhauserstr";"07.05.2015";"1";
"keuter,";"08.05.2015";"1";
"himmelfahrt";"14.05.2015";"1";
"zimmerstr";"08.05.2015";"1";
"juden";"27.05.2015";"1";
"https://www.moers.de/C12572210040EE8E/html/1C52E43EC232DA4FC125722C003C615C?opendocument";"09.05.2015";"1";
"Führerscheinstelle";"30.05.2015";"1";
"kidertagsstaette";"10.05.2015";"1";
"hueft";"11.05.2015";"1";
"www.penguindays.de";"11.05.2015";"1";
"haschpappis";"11.05.2015";"1";
"kindergeldstellemoers";"12.05.2015";"1";
"bastian";"11.05.2015";"1";
"schwäbisch";"12.05.2015";"1";
"geöffnet";"28.05.2015";"1";
"Bewerberservice";"13.05.2015";"1";
"wunsckennzeichen";"14.05.2015";"1";
"alkaemper";"14.05.2015";"1";
"https://www.moers.de/C12572410053863A/0/31FCBA019883F7A9C1257244003EFCA6?opendocument";"15.05.2015";"1";
"runder";"05.05.2015";"1";
"Obdahlosen";"15.05.2015";"1";
"inhaberin";"16.05.2015";"1";
"todessymbolik";"17.05.2015";"1";
"mietwohnung";"23.05.2015";"1";
"Erschleißungsvertrag";"18.05.2015";"1";
"sabrina";"03.05.2015";"1";
"https://www.moers.de/C1257221003C7526/html/AC8C63C9333DB201C12572950035A939?opendocument";"18.05.2015";"1";
"friedhofsamt";"12.05.2015";"1";
"Schließungszeit";"19.05.2015";"1";
"gudrun";"15.05.2015";"1";
"tierfotografie";"19.05.2015";"1";
"behindertenheim";"17.05.2015";"1";
"haßhof";"20.05.2015";"1";
"museums";"05.05.2015";"1";
"www.wartezeiten.moers";"21.05.2015";"1";
"Nacharbeiten";"21.05.2015";"1";
"www.zimmer-niederrhein.de";"22.05.2015";"1";
"Kinderpielplätze";"23.05.2015";"1";
"www.trädelmarkt";"24.05.2015";"1";
"Vollmacht";"14.05.2015";"1";
"chritoph";"25.05.2015";"1";
"vorfinanzierungsvertrag";"15.05.2015";"1";
"tagesgerichte";"25.05.2015";"1";
"KoKoBe";"07.05.2015";"1";
"birkentaschhof";"26.05.2015";"1";
"duisbufg-homberg";"26.05.2015";"1";
"Schwerbehindertenausweis";"20.05.2015";"1";
"woningbauverein";"27.05.2015";"1";
"www.kath.grundschule";"27.05.2015";"1";
"gewerbeimmobilien";"06.05.2015";"1";
"Schuluntersuchungsamt";"28.05.2015";"1";
"shoppen";"25.05.2015";"1";
"Statdbücjerei";"28.05.2015";"1";
"bus";"12.05.2015";"1";
"spielzeugtroedel";"30.05.2015";"1";
"Trödelmärktein";"31.05.2015";"1";
"eissporthalle";"29.05.2015";"1";
"rockit";"31.05.2015";"1";
"radwandern";"23.05.2015";"1";
"abschluss";"19.05.2015";"1";
"perso";"12.05.2015";"1";
"information";"04.05.2015";"1";
"Linksniederrheinische";"15.05.2015";"1";
"kino";"05.05.2015";"1";
"tage";"28.05.2015";"1";
"Gesundheitswesen";"20.05.2015";"1";
"triesch";"03.05.2015";"1";
"Baumschutz";"19.05.2015";"1";
"fritz";"05.05.2015";"1";
"hormes";"26.05.2015";"1";
"signale";"12.05.2015";"1";
"basketball";"28.05.2015";"1";
"anselm";"03.05.2015";"1";
"taufe";"21.05.2015";"1";
"IV";"23.05.2015";"1";
"wilma";"09.05.2015";"1";
"adolf";"09.05.2015";"1";
"asbergerstraße";"11.05.2015";"1";
"shopping";"18.05.2015";"1";
"malz";"05.05.2015";"1";
"realschulabschluss";"04.05.2015";"1";
"kauf";"29.05.2015";"1";
"sonderbau";"12.05.2015";"1";
"lager";"11.05.2015";"1";
"tischtennis";"16.05.2015";"1";
"leibnitzstr";"05.05.2015";"1";
"fusenig";"03.05.2015";"1";
"kontoverbindung";"15.05.2015";"1";
"melde";"19.05.2015";"1";
"HermannRunge";"03.05.2015";"1";
"dietrich";"20.05.2015";"1";
"Adressenliste";"17.05.2015";"1";
"reinigung";"20.05.2015";"1";
"Grabsteine";"20.05.2015";"1";
"münster";"03.05.2015";"1";
"finde";"24.05.2015";"1";
"Vormstein";"27.05.2015";"1";
"bankstr";"12.05.2015";"1";
"Ausflüge";"31.05.2015";"1";
"Wohngeldrechner";"19.05.2015";"1";
"wrede";"05.05.2015";"1";
"Monster";"08.05.2015";"1";
"Gesamtgrad";"10.05.2015";"1";
"rutsche";"20.05.2015";"1";
"neueröffnung";"18.05.2015";"1";
"obdachlos";"29.05.2015";"1";
"städtepartnerschaft";"23.05.2015";"1";
"minigolf";"14.05.2015";"1";
"on";"31.05.2015";"1";
"flughafen";"20.05.2015";"1";
"Vorgehensweise";"06.05.2015";"1";
"Trödeln";"09.05.2015";"1";
"baum";"05.05.2015";"1";
"martinus";"07.05.2015";"1";
"patenbescheinigung";"04.05.2015";"1";
"Grundstücksteuer";"25.05.2015";"1";
"trödelmakt";"22.05.2015";"1";
"Gerichtsverhandlung";"14.05.2015";"1";
"lehrerin";"28.05.2015";"1";
"Figuren";"05.05.2015";"1";
"Sophie";"03.05.2015";"1";
"penguins";"07.05.2015";"1";
"Alpen";"20.05.2015";"1";
"schöffe";"30.05.2015";"1";
"interne";"18.05.2015";"1";
"maus";"05.05.2015";"1";
"waldfriedhof";"15.05.2015";"1";
"rezitator";"10.05.2015";"1";
"lounge";"23.05.2015";"1";
"Radstation";"17.05.2015";"1";
"biobliothek";"08.05.2015";"1";
"Peer";"03.05.2015";"1";
"kinderarzt";"24.05.2015";"1";
"servicecenter";"27.05.2015";"1";
"siemund";"27.05.2015";"1";
"bunt";"05.05.2015";"1";
"Holland";"25.05.2015";"1";
"moersfestival";"24.05.2015";"1";
"archäologische";"06.05.2015";"1";
"stoll";"07.05.2015";"1";
"Ausweisersatz";"17.05.2015";"1";
"Hüsch,";"18.05.2015";"1";
"wilmsmann";"26.05.2015";"1";
"diergardtstr";"23.05.2015";"1";
"schlachthof";"27.05.2015";"1";
"schwerbehindertenantrag";"25.05.2015";"1";
"gewerbeimmobilie";"21.05.2015";"1";
"liebrechtstr";"10.05.2015";"1";
"firmenhinweisschilder";"30.05.2015";"1";
"kastell";"30.05.2015";"1";
"begegnung";"12.05.2015";"1";
"düwel";"15.05.2015";"1";
"Ann";"26.05.2015";"1";
"Björn";"03.05.2015";"1";
"rentenversicherung,";"06.05.2015";"1";
"Abrechnung";"22.05.2015";"1";
"finanziert";"01.05.2015";"1";
"sonderauktion";"11.05.2015";"1";
"tone";"26.05.2015";"1";
"fuehrung";"25.05.2015";"1";
"straßenbaukosten";"30.05.2015";"1";
"net";"11.05.2015";"1";
"hering";"07.05.2015";"1";
"zentralbibliothek";"19.05.2015";"1";
"zivilcourage";"22.05.2015";"1";
"büchereiausweis";"06.05.2015";"1";
"2.mai";"01.05.2015";"1";
"spazieren";"02.05.2015";"1";
"SG";"18.05.2015";"1";
"speier";"23.05.2015";"1";
"hauptschle";"05.05.2015";"1";
"10";"01.05.2015";"1";
"OEFFENTLICHER";"28.05.2015";"1";
"wasserbehörde";"04.05.2015";"1";
"BAumFällung";"08.05.2015";"1";
"Wasserspielplatz";"02.05.2015";"1";
"Timo";"13.05.2015";"1";
"weinfest";"15.05.2015";"1";
"hoffnungstrasse";"05.05.2015";"1";
"stardt";"09.05.2015";"1";
"moers-repelen";"19.05.2015";"1";
"freizeitparkmoers";"19.05.2015";"1";
"Pilatus";"03.05.2015";"1";
"Strassensperrungen";"26.05.2015";"1";
"Neubauer";"12.05.2015";"1";
"frauengruppen";"04.05.2015";"1";
"tisch";"05.05.2015";"1";
"buurt";"05.05.2015";"1";
"juric";"16.05.2015";"1";
"verkaufsoffenr";"10.05.2015";"1";
"kapellen(moers)";"03.05.2015";"1";
"birkenhof";"05.05.2015";"1";
"29.5.";"25.05.2015";"1";
"soziales";"28.05.2015";"1";
"Naturschutzgebiet";"10.05.2015";"1";
"büscher";"19.05.2015";"1";
"böhm,";"14.05.2015";"1";
"kartoffeln";"20.05.2015";"1";
"rosenblüte";"23.05.2015";"1";
"n";"27.05.2015";"1";
"mordfall";"23.05.2015";"1";
"Catrin";"24.05.2015";"1";
"albert";"27.05.2015";"1";
"mot";"13.05.2015";"1";
"citytrödelmarkt";"02.05.2015";"1";
"innenstatt";"30.05.2015";"1";
"igor";"15.05.2015";"1";
"6.6";"11.05.2015";"1";
"dorfschule";"21.05.2015";"1";
"24h";"28.05.2015";"1";
"spielmobile";"28.05.2015";"1";
"rüffer";"17.05.2015";"1";
"weg";"13.05.2015";"1";
"hülsdonk";"11.05.2015";"1";
"soto";"26.05.2015";"1";
"zirkus";"22.05.2015";"1";
"Behinderte";"21.05.2015";"1";
"ausüben";"11.05.2015";"1";
"Neustr";"13.05.2015";"1";
"Kitabeiträge";"30.05.2015";"1";
"solveig";"03.05.2015";"1";
"adoption";"15.05.2015";"1";
"bücherschrank";"28.05.2015";"1";
"Pflegeheime";"19.05.2015";"1";
"mutterboden";"09.05.2015";"1";
"jahre";"21.05.2015";"1";
"vogelnestschaukel";"12.05.2015";"1";
"rotes";"11.05.2015";"1";
"Ferien";"24.05.2015";"1";
"Duisburg-Baerl,";"22.05.2015";"1";
"magnolienbaum";"04.05.2015";"1";
"landrat";"08.05.2015";"1";
"schachverein";"10.05.2015";"1";
"www.schuetzenverein-moers-hulesdonk.de";"19.05.2015";"1";
"Fusrath";"02.05.2015";"1";
"Moers-KursenachKursnummer";"19.05.2015";"1";
"hospital";"16.05.2015";"1";
"grutbier";"01.05.2015";"1";
"aktivarium";"01.05.2015";"1";
"aktuell";"21.05.2015";"1";
"farwe";"02.05.2015";"1";
"stadtgesreche";"03.05.2015";"1";
"8.3";"21.05.2015";"1";
"wohngeladantrag";"03.05.2015";"1";
"beantrager";"04.05.2015";"1";
"ruelicke";"04.05.2015";"1";
"numar";"05.05.2015";"1";
"drucktasten";"06.05.2015";"1";
"herstelung";"06.05.2015";"1";
"spanisckurs";"06.05.2015";"1";
"28053";"07.05.2015";"1";
"fsk18";"08.05.2015";"1";
"stadtplannung";"08.05.2015";"1";
"trudelmarket";"09.05.2015";"1";
"Trampolin";"25.05.2015";"1";
"Extablatt,";"10.05.2015";"1";
"Verlängerungs";"11.05.2015";"1";
"slam";"06.05.2015";"1";
"verteilstelle";"11.05.2015";"1";
"pumpwerke";"11.05.2015";"1";
"computer";"31.05.2015";"1";
"akktraktionen";"12.05.2015";"1";
"privat";"18.05.2015";"1";
"gmünd";"12.05.2015";"1";
"hilda";"06.05.2015";"1";
"https://www.moers.de/C1257221003F2394/html/96A3FFA1D98F86C8C125726D00368FA6?opendocument";"13.05.2015";"1";
"träger";"16.05.2015";"1";
"Bahnhofstraße_";"14.05.2015";"1";
"deutscher";"11.05.2015";"1";
"gewrbeabmeldung";"14.05.2015";"1";
"Stva.Moers";"15.05.2015";"1";
"farradstrassen";"15.05.2015";"1";
"vergrößern";"05.05.2015";"1";
"gmt";"16.05.2015";"1";
"http://www.moers.de/C1257241004C3F51/0/E44C4C780AA6CD92C125724900488CB7";"17.05.2015";"1";
"uerdingedstraße";"17.05.2015";"1";
"notarzt";"11.05.2015";"1";
"Kohn";"18.05.2015";"1";
"Ev.";"27.05.2015";"1";
"http://www.moers.de/C1257C84004E794D/html/CAE34F5D67347ACFC1257DF7002F5CFD?OpenDocument";"18.05.2015";"1";
"bgl";"19.05.2015";"1";
"küche";"12.05.2015";"1";
"neugeboren";"19.05.2015";"1";
"günter";"12.05.2015";"1";
"https://www.moers.de/C1257221003F2394/html/0423BB240054A723C12572A4003723A4?opendocument";"20.05.2015";"1";
"offene";"17.05.2015";"1";
"tel.nummer";"21.05.2015";"1";
"eichenstr.";"11.05.2015";"1";
"0pen";"22.05.2015";"1";
"bewegung";"08.05.2015";"1";
"königlicherhof";"11.05.2015";"1";
"gartengrundstücke";"24.05.2015";"1";
"Fahnenverleih";"16.05.2015";"1";
"terbonssen";"25.05.2015";"1";
"spilzoig";"25.05.2015";"1";
"Befreiung";"02.05.2015";"1";
"dienstleistungsgewerbe";"26.05.2015";"1";
"ticket";"23.05.2015";"1";
"https://www.moers.de/C12572210040545A/html/95F46BC05D319887C125731E0040B2DA?opendocument&c1=10&s1=1&";"26.05.2015";"1";
"chi";"22.05.2015";"1";
"bürerbüro";"27.05.2015";"1";
"kinderrgärten";"27.05.2015";"1";
"bevölkerungsentwicklung";"03.05.2015";"1";
"Hollywood";"28.05.2015";"1";
"kular";"28.05.2015";"1";
"angebote";"12.05.2015";"1";
"kimderausweis";"29.05.2015";"1";
"susanne";"02.05.2015";"1";
"kunstpfad-moers.de";"30.05.2015";"1";
"31.5.2015";"31.05.2015";"1";
"gradiser";"31.05.2015";"1";
"pfingst";"24.05.2015";"1";
"ladenlokale";"28.05.2015";"1";
"and";"06.05.2015";"1";
"Bewohnerparkzone";"05.05.2015";"1";
"Christliche";"04.05.2015";"1";
"familienhilfe";"03.05.2015";"1";
"Hauptwache";"28.05.2015";"1";
"neugeborene";"13.05.2015";"1";
"austellung";"03.05.2015";"1";
"parkerleichterung";"26.05.2015";"1";
"halden";"07.05.2015";"1";
"Tiere";"14.05.2015";"1";
"Liederkranz";"25.05.2015";"1";
"standorte";"10.05.2015";"1";
"ausfüllen";"07.05.2015";"1";
"Heiko";"09.05.2015";"1";
"Parkleitsystem";"12.05.2015";"1";
"karten";"03.05.2015";"1";
"MSV";"03.05.2015";"1";
"Rhetorik";"26.05.2015";"1";
"specht";"09.05.2015";"1";
"Vorläufige";"12.05.2015";"1";
"sozialausschuss";"03.05.2015";"1";
"geburtshaus";"06.05.2015";"1";
"schachclub";"28.05.2015";"1";
"elisabeth";"23.05.2015";"1";
"bewohnerparkausweis";"27.05.2015";"1";
"Rohbauabnahme";"18.05.2015";"1";
"margret";"31.05.2015";"1";
"b2";"11.05.2015";"1";
"test";"19.05.2015";"1";
"rw";"25.05.2015";"1";
"w.";"03.05.2015";"1";
"zimmervermietung";"30.05.2015";"1";
"medizinischer";"24.05.2015";"1";
"Parkplätze";"02.05.2015";"1";
"Bewohnerparken";"28.05.2015";"1";
"Alten-";"19.05.2015";"1";
"bauberatung";"14.05.2015";"1";
"box";"26.05.2015";"1";
"josefsviertel";"16.05.2015";"1";
"Italien";"01.05.2015";"1";
"dams";"26.05.2015";"1";
"gelber";"11.05.2015";"1";
"spanischer";"07.05.2015";"1";
"ausleihen";"12.05.2015";"1";
"Touristinformation";"17.05.2015";"1";
"Grabstätten";"16.05.2015";"1";
"Schlosshof";"06.05.2015";"1";
"lintforter";"20.05.2015";"1";
"unbefristet";"03.05.2015";"1";
"adrenalin";"14.05.2015";"1";
"grafschaftermuseum";"21.05.2015";"1";
"venlo";"02.05.2015";"1";
"sperrung";"24.05.2015";"1";
"flamenco";"15.05.2015";"1";
"wurde";"17.05.2015";"1";
"ausschüsse";"22.05.2015";"1";
"schwimmer";"17.05.2015";"1";
"seniorentreff";"06.05.2015";"1";
"stsdt";"26.05.2015";"1";
"abschied";"01.05.2015";"1";
"besuchen";"20.05.2015";"1";
"fahradwege";"24.05.2015";"1";
"sperrmüllanmeldung";"20.05.2015";"1";
"brunswick";"24.05.2015";"1";
"oppermann";"28.05.2015";"1";
"gefährliche";"15.05.2015";"1";
"Max";"14.05.2015";"1";
"1850";"28.05.2015";"1";
"p";"25.05.2015";"1";
"waschen";"31.05.2015";"1";
"merten";"05.05.2015";"1";
"Kündigung";"28.05.2015";"1";
"lichterfest";"27.05.2015";"1";
"Beigeordneter";"27.05.2015";"1";
"auf?";"27.05.2015";"1";
"geräteturnen";"30.05.2015";"1";
"souvenirs";"20.05.2015";"1";
"Kirchweg";"04.05.2015";"1";
"möbel";"12.05.2015";"1";
"standort";"17.05.2015";"1";
"kontaktstelle";"26.05.2015";"1";
"169";"29.05.2015";"1";
"dicke";"28.05.2015";"1";
"gangelhoff";"15.05.2015";"1";
"zeige";"13.05.2015";"1";
"Sole";"01.05.2015";"1";
"steht";"11.05.2015";"1";
"unserer";"26.05.2015";"1";
"Ticketverkauf";"16.05.2015";"1";
"Joe";"20.05.2015";"1";
"Fahrradausflug";"28.05.2015";"1";
"Parks";"05.05.2015";"1";
"rosengarten";"10.05.2015";"1";
"öffentliche";"20.05.2015";"1";
"tafeln";"06.05.2015";"1";
"nachtclubs";"23.05.2015";"1";
"fürsorgestelle";"31.05.2015";"1";
"böttcher";"28.05.2015";"1";
"stadtkasse";"18.05.2015";"1";
"standgebühr";"02.05.2015";"1";
"sarah";"05.05.2015";"1";
"Fitnessstudio";"28.05.2015";"1";
"abends";"01.05.2015";"1";
"Leistungsanspruch";"20.05.2015";"1";
"tagespflege";"15.05.2015";"1";
"nachhaltigkeit";"26.05.2015";"1";
"schulfrei";"25.05.2015";"1";
"Katrin";"26.05.2015";"1";
"zoff";"31.05.2015";"1";
"zuständig?";"27.05.2015";"1";
"1.Mai";"01.05.2015";"1";
"Streichelzoos";"17.05.2015";"1";
"ihk";"12.05.2015";"1";
"jobbörse";"27.05.2015";"1";
"behinderung";"10.05.2015";"1";
"regine";"08.05.2015";"1";
"ohrenarzt";"01.05.2015";"1";
"Geschichtsstationen";"04.05.2015";"1";
"haltestelle";"09.05.2015";"1";
"10.5.";"10.05.2015";"1";
"media";"26.05.2015";"1";
"sohl";"03.05.2015";"1";
"tut";"11.05.2015";"1";
"night";"01.05.2015";"1";
"kinderschutzbund";"25.05.2015";"1";
"schermbeck";"28.05.2015";"1";
"rs2";"20.05.2015";"1";
"abwassergebühren";"15.05.2015";"1";
"schreibt";"09.05.2015";"1";
"wassersport";"25.05.2015";"1";
"apotheke";"11.05.2015";"1";
"badewannenrennen";"25.05.2015";"1";
"stadtbüro";"21.05.2015";"1";
"Wechseljahre";"31.05.2015";"1";
"bethanienkrankenhaus";"19.05.2015";"1";
"seniorenbegegnungsstätten";"04.05.2015";"1";
"annefrank";"20.05.2015";"1";
"Gästewohnungen";"12.05.2015";"1";
"moers-asberg";"20.05.2015";"1";
"jansing-perret";"25.05.2015";"1";
"Männer";"20.05.2015";"1";
"stirbt";"25.05.2015";"1";
"marlies";"05.05.2015";"1";
"laternen";"31.05.2015";"1";
"Stade";"19.05.2015";"1";
"ludgera";"12.05.2015";"1";
"bildung";"28.05.2015";"1";
"persien";"18.05.2015";"1";
"vennikel";"05.05.2015";"1";
"spielplatzpatenschaft";"18.05.2015";"1";
"17.5";"17.05.2015";"1";
"birigit";"18.05.2015";"1";
"freizeiteinrichtungen";"14.05.2015";"1";
"trödelmatkt";"15.05.2015";"1";
"rayen";"12.05.2015";"1";
"zentrales";"19.05.2015";"1";
"grafen-galerie";"20.05.2015";"1";
"nichts";"11.05.2015";"1";
"thorack";"22.05.2015";"1";
"oefnungszeiten";"04.05.2015";"1";
"17.Mai";"17.05.2015";"1";
"squash";"25.05.2015";"1";
"familienzetrum";"08.05.2015";"1";
"sevastiyanov";"15.05.2015";"1";
"blüten";"23.05.2015";"1";
"warteliste";"12.05.2015";"1";
"matta";"15.05.2015";"1";
"fussgangerzone";"15.05.2015";"1";
"Schloßtheater";"07.05.2015";"1";
"alpaka";"19.05.2015";"1";
"navigationsadresse";"01.05.2015";"1";
"beitragsevice";"30.05.2015";"1";
"müllabfuhr";"26.05.2015";"1";
"rosensymbolik";"04.05.2015";"1";
"Realschulen";"19.05.2015";"1";
"grafengalarie";"20.05.2015";"1";
"grundkenntnisse";"08.05.2015";"1";
"buch";"12.05.2015";"1";
"denkmahl";"31.05.2015";"1";
"Ehrenrings";"16.05.2015";"1";
"fechner";"20.05.2015";"1";
"touristikbüro";"05.05.2015";"1";
"verschlimmerungsantrag";"20.05.2015";"1";
"kirschenallee";"10.05.2015";"1";
"whatsapp";"01.05.2015";"1";
"lauf";"29.05.2015";"1";
"arztnotrufzentrale";"03.05.2015";"1";
"Übernahme";"31.05.2015";"1";
"unsterblich";"06.05.2015";"1";
"wusthoff";"12.05.2015";"1";
"enseleit";"01.05.2015";"1";
"dienstjubiläum";"03.05.2015";"1";
"jaeckel";"01.05.2015";"1";
"elektronische";"12.05.2015";"1";
"Jaman";"02.05.2015";"1";
"Heinemann";"06.05.2015";"1";
"Kreibich,";"03.05.2015";"1";
"arabischkurse";"03.05.2015";"1";
"stadtfix";"04.05.2015";"1";
"https://www.moers.de/C12572210040C568/html/BAD5D12A68CF4887C125745F0028B8FF?opendocument";"04.05.2015";"1";
"bürgerzentrum";"15.05.2015";"1";
"farn";"05.05.2015";"1";
"Stift";"04.05.2015";"1";
"Totesanzeige";"06.05.2015";"1";
"12";"23.05.2015";"1";
"jostenstr";"06.05.2015";"1";
"schwafheim.net";"07.05.2015";"1";
"flirtrn";"08.05.2015";"1";
"radfahren";"25.05.2015";"1";
"Kartell";"08.05.2015";"1";
"5,";"19.05.2015";"1";
"geburtstagsraum";"09.05.2015";"1";
"players";"10.05.2015";"1";
"karlpechkentr";"11.05.2015";"1";
"ggm";"26.05.2015";"1";
"schallschutzwände";"11.05.2015";"1";
"oliver";"07.05.2015";"1";
"strassenlicht";"11.05.2015";"1";
"orsoyer";"12.05.2015";"1";
"wydenhofstrasse";"12.05.2015";"1";
"jeder";"25.05.2015";"1";
"okay";"13.05.2015";"1";
"merbeck";"16.05.2015";"1";
"psrk";"14.05.2015";"1";
"hundesteuersatzung";"26.05.2015";"1";
"www.extra-blatt";"14.05.2015";"1";
"Brugemann";"15.05.2015";"1";
"hexenverfolgungen";"15.05.2015";"1";
"elke";"15.05.2015";"1";
"www.maintal.de";"16.05.2015";"1";
"trdel";"17.05.2015";"1";
"schloer";"04.05.2015";"1";
"kulturgeschichte";"18.05.2015";"1";
"eicherdorfsschule";"18.05.2015";"1";
"Altenwohnhaus";"09.05.2015";"1";
"huyton";"18.05.2015";"1";
"sadat";"19.05.2015";"1";
"Stichwahl";"10.05.2015";"1";
"wahlurnen";"20.05.2015";"1";
"rehn";"31.05.2015";"1";
"lidia";"20.05.2015";"1";
"15";"18.05.2015";"1";
"wartezeiten.moers";"21.05.2015";"1";
"friesenstraße";"30.05.2015";"1";
"stadtradeln";"21.05.2015";"1";
"4428";"22.05.2015";"1";
"Moers-Holderberg";"24.05.2015";"1";
"barbarestrase";"23.05.2015";"1";
"städt";"17.05.2015";"1";
"stellenmarkt";"30.05.2015";"1";
"hombergerstr";"15.05.2015";"1";
"â&#128;&#158;Alte";"26.05.2015";"1";
"aktuelle";"02.05.2015";"1";
"oderaufenthaltsbescheinigung";"26.05.2015";"1";
"radtour";"01.05.2015";"1";
"eheleuten";"27.05.2015";"1";
"Bahnhofstr,";"27.05.2015";"1";
"Stände";"24.05.2015";"1";
"humd";"28.05.2015";"1";
"gemacht";"19.05.2015";"1";
"www.moers@de";"29.05.2015";"1";
"Kindertageseinrichtung";"30.05.2015";"1";
"domacker";"02.05.2015";"1";
"Kulis";"30.05.2015";"1";
"grafhafter";"31.05.2015";"1";
"radweg";"22.05.2015";"1";
"mo3r";"31.05.2015";"1";
"ente";"09.05.2015";"1";
"minijob";"22.05.2015";"1";
"jüdische";"24.05.2015";"1";
"spielstube";"29.05.2015";"1";
"unterricht";"15.05.2015";"1";
"luft";"07.05.2015";"1";
"Jana";"14.05.2015";"1";
"Glas";"26.05.2015";"1";
"trödeltermine";"02.05.2015";"1";
"Grüter";"15.05.2015";"1";
"strassenverzeichnis";"09.05.2015";"1";
"geführte";"31.05.2015";"1";
"elternbeiträge";"29.05.2015";"1";
"erklärung";"01.05.2015";"1";
"Astrid-Lindgren-Schule";"25.05.2015";"1";
"Bettina";"23.05.2015";"1";
"Osthaus";"09.05.2015";"1";
"rvr";"12.05.2015";"1";
"Zweigstelle";"28.05.2015";"1";
"geister";"05.05.2015";"1";
"ww.moers.de";"18.05.2015";"1";
"WWW:MOERS:DE";"19.05.2015";"1";
"insolvenzen";"20.05.2015";"1";
"öfnungszeiten";"24.05.2015";"1";
"fitness";"30.05.2015";"1";
"harald";"14.05.2015";"1";
"miers";"03.05.2015";"1";
"besondere";"26.05.2015";"1";
"reinhard";"03.05.2015";"1";
"Lockertstraße";"15.05.2015";"1";
"Transporte";"26.05.2015";"1";
"wwwmoers.de";"02.05.2015";"1";
"Küsters";"29.05.2015";"1";
"jugenamt";"10.05.2015";"1";
"friedel";"09.05.2015";"1";
"polnisch";"25.05.2015";"1";
"sterbefälle";"19.05.2015";"1";
"abmelden";"02.05.2015";"1";
"sicherheitsgurt";"06.05.2015";"1";
"Begrüßungsbesuche";"19.05.2015";"1";
"vaterschaftsanerkennung";"06.05.2015";"1";
"andere";"20.05.2015";"1";
"grundsicherung";"12.05.2015";"1";
"wir4";"12.05.2015";"1";
"sack";"11.05.2015";"1";
"frischwasser";"03.05.2015";"1";
"stadtraT";"06.05.2015";"1";
"scheidungsurteile";"19.05.2015";"1";
"www.arge";"05.05.2015";"1";
"moerz";"10.05.2015";"1";
"Booms";"24.05.2015";"1";
"wirtschaftliche";"03.05.2015";"1";
"silke";"03.05.2015";"1";
"kataster";"19.05.2015";"1";
"wieder";"25.05.2015";"1";
"bäckerei";"25.05.2015";"1";
"sozialwohnung";"24.05.2015";"1";
"Anneliese";"03.05.2015";"1";
"vaterschaft";"17.05.2015";"1";
"september";"17.05.2015";"1";
"Hinweis";"03.05.2015";"1";
"Stadtsportverband";"16.05.2015";"1";
"hütte";"07.05.2015";"1";
"Liverpool";"08.05.2015";"1";
"Plakate";"27.05.2015";"1";
"läden";"16.05.2015";"1";
"blumen";"21.05.2015";"1";
"litfaß";"15.05.2015";"1";
"grunschule";"25.05.2015";"1";
"käthe";"19.05.2015";"1";
"Böhm";"03.05.2015";"1";
"schülerpraktikum";"22.05.2015";"1";
"wandergruppe";"21.05.2015";"1";
"neben";"27.05.2015";"1";
"bürgergemeinschaft";"03.05.2015";"1";
"routenplaner";"11.05.2015";"1";
"kleingarten";"16.05.2015";"1";
"Laufstrecke";"07.05.2015";"1";
"öffnungszei";"27.05.2015";"1";
"staft";"24.05.2015";"1";
"tokee";"20.05.2015";"1";
"www.cafe";"02.05.2015";"1";
"psychologin";"12.05.2015";"1";
"unterkünfte";"18.05.2015";"1";
"niels";"26.05.2015";"1";
"bekleidung";"16.05.2015";"1";
"poststelle";"28.05.2015";"1";
"geografische";"05.05.2015";"1";
"bringen";"14.05.2015";"1";
"bauernhöfe";"25.05.2015";"1";
"ford";"13.05.2015";"1";
"wirth";"08.05.2015";"1";
"RIEDEL";"14.05.2015";"1";
"1975";"01.05.2015";"1";
"Diyanet";"14.05.2015";"1";
"leinenzwang";"20.05.2015";"1";
"trödelhalle";"15.05.2015";"1";
"Heilpädagogische";"06.05.2015";"1";
"Auslegung";"20.05.2015";"1";
"2.5";"03.05.2015";"1";
"Puchner";"26.05.2015";"1";
"bezirksamt";"27.05.2015";"1";
"schwimmbad";"11.05.2015";"1";
"Verkehrsüberwachung";"19.05.2015";"1";
"kolumbarium";"21.05.2015";"1";
"passverlängerung";"06.05.2015";"1";
"kersten";"27.05.2015";"1";
"Beitragstabelle";"28.05.2015";"1";
"Gewaltprävention";"13.05.2015";"1";
"schwanenring.de";"31.05.2015";"1";
"Andreas";"13.05.2015";"1";
"glatz";"19.05.2015";"1";
"fuhr";"20.05.2015";"1";
"ernährung";"22.05.2015";"1";
"martynenko";"10.05.2015";"1";
"perikizi";"12.05.2015";"1";
"erstelle";"22.05.2015";"1";
"fotoshop";"15.05.2015";"1";
"informationen";"12.05.2015";"1";
"grubenlaterne";"25.05.2015";"1";
"hildebrandt";"08.05.2015";"1";
"versorgung";"16.05.2015";"1";
"Str";"16.05.2015";"1";
"10.05";"10.05.2015";"1";
"verschwiegenheit";"14.05.2015";"1";
"friends";"06.05.2015";"1";
"the";"31.05.2015";"1";
"ambulantes";"31.05.2015";"1";
"S.";"27.05.2015";"1";
"40";"02.05.2015";"1";
"Waffengeschäft";"12.05.2015";"1";
"Geleucht";"22.05.2015";"1";
"ferienzimmer";"30.05.2015";"1";
"türkisches";"26.05.2015";"1";
"Christentum";"03.05.2015";"1";
"kleingartenverein";"16.05.2015";"1";
"welche";"31.05.2015";"1";
"kripo";"07.05.2015";"1";
"magerstedt";"03.05.2015";"1";
"mcfit";"13.05.2015";"1";
"b";"27.05.2015";"1";
"Erna";"16.05.2015";"1";
"FerienwohnungMoers";"24.05.2015";"1";
"aufgebote";"03.05.2015";"1";
"mörz";"13.05.2015";"1";
"btm";"07.05.2015";"1";
"patrizia";"12.05.2015";"1";
"Sempell";"03.05.2015";"1";
"Streetdance";"26.05.2015";"1";
"integrationshelfer";"05.05.2015";"1";
"kreuz";"19.05.2015";"1";
"www.dorfkirche";"07.05.2015";"1";
"bergbausiedlung";"30.05.2015";"1";
"Französischkurse";"07.05.2015";"1";
"training";"06.05.2015";"1";
"hermann-gmeiner-berufskolleg-Moers";"20.05.2015";"1";
"peeters";"26.05.2015";"1";
"kaufen";"14.05.2015";"1";
"Spielregeln";"26.05.2015";"1";
"kaffeerösterei";"08.05.2015";"1";
"Gebäudemanagement";"19.05.2015";"1";
"rathausplatz1";"13.05.2015";"1";
"Lehmpastor";"07.05.2015";"1";
"papiercontainer";"10.05.2015";"1";
"geocach";"14.05.2015";"1";
"fahrradversteigerungen";"31.05.2015";"1";
"fahrradbörse";"11.05.2015";"1";
"siedlungen";"10.05.2015";"1";
"cars";"10.05.2015";"1";
"schulken";"10.05.2015";"1";
"Moschee";"10.05.2015";"1";
"kurkonzert";"06.05.2015";"1";
"Hedi";"18.05.2015";"1";
"stellenausschreibungen";"11.05.2015";"1";
"niag.de";"09.05.2015";"1";
"möbliertes";"07.05.2015";"1";
"symbolisch";"17.05.2015";"1";
"jakubowitz";"29.05.2015";"1";
"ARD,ZDF";"30.05.2015";"1";
"hausrecht";"11.05.2015";"1";
"johannes";"19.05.2015";"1";
"tiwrheim";"04.05.2015";"1";
"ubernachten";"31.05.2015";"1";
"https://www.moers.de/C12572210040545A/html/BD533FEE8287D6F8C12572DC004D732D?opendocument";"24.05.2015";"1";
"Vergewaltigungsopfer";"19.05.2015";"1";
"50";"27.05.2015";"1";
"Wochenspeiseplan";"22.05.2015";"1";
"kantinenspeisepläne";"21.05.2015";"1";
"inklusionslotse";"07.05.2015";"1";
"kampfkunstschulen";"03.05.2015";"1";
"hendrichs";"14.05.2015";"1";
"Mietschulden";"27.05.2015";"1";
"lederer";"27.05.2015";"1";
"germany";"27.05.2015";"1";
"hoppelt";"16.05.2015";"1";
"glückaufkampfbahn";"01.05.2015";"1";
"harre";"01.05.2015";"1";
"sozialwohnungen";"23.05.2015";"1";
"02841-104312";"02.05.2015";"1";
"bürgersevice";"09.05.2015";"1";
"stadtrechtes";"03.05.2015";"1";
"gespannt";"03.05.2015";"1";
"actrapidpen";"04.05.2015";"1";
"dieren";"10.05.2015";"1";
"Geschäfsstellen";"04.05.2015";"1";
"ahnenforschung";"29.05.2015";"1";
"henner";"05.05.2015";"1";
"stefan";"28.05.2015";"1";
"tiefba";"06.05.2015";"1";
"FAHRGESCHÄFT";"27.05.2015";"1";
"6.5.2015";"06.05.2015";"1";
"karnevalsprinzessin";"07.05.2015";"1";
"telefonmbuch";"07.05.2015";"1";
"download";"03.05.2015";"1";
"https://www.moers.de/C1257221003F2394/html/EC1CAA9D64AB61C3C12572760047544B?opendocument";"08.05.2015";"1";
"Brumbaum";"09.05.2015";"1";
"radwege";"17.05.2015";"1";
"krefelder";"29.05.2015";"1";
"https://www.moers.de/C12572210040545A/html/BA52F17C5CE40934C125731E00408A5A?opendocument";"10.05.2015";"1";
"dongrathshof";"10.05.2015";"1";
"www-.Moers";"11.05.2015";"1";
"kassecker";"11.05.2015";"1";
"dvek";"12.05.2015";"1";
"grundstrur";"12.05.2015";"1";
"grillen";"04.05.2015";"1";
"stadttauben";"13.05.2015";"1";
"stundenzimmer";"14.05.2015";"1";
"grundstückssteuer";"10.05.2015";"1";
"Jünger";"14.05.2015";"1";
"sieht";"22.05.2015";"1";
"artemow";"15.05.2015";"1";
"märkte";"16.05.2015";"1";
"kurköln";"15.05.2015";"1";
"fahrradroute";"21.05.2015";"1";
"passaufkunft";"16.05.2015";"1";
"parapsychologische";"17.05.2015";"1";
"anmeldungen";"15.05.2015";"1";
"parkraumzone";"18.05.2015";"1";
"privte";"18.05.2015";"1";
".moers.de/vhs";"18.05.2015";"1";
"schmutzwasser";"22.05.2015";"1";
"http://www.zeiten.moers.de/";"19.05.2015";"1";
"Tel.Asbär";"20.05.2015";"1";
"Moesr";"29.05.2015";"1";
"riefel";"20.05.2015";"1";
"schlossparklauf";"01.05.2015";"1";
"Bringsken,";"21.05.2015";"1";
"kamera";"20.05.2015";"1";
"erlelenz";"21.05.2015";"1";
"abc";"19.05.2015";"1";
"grundsrückspreise";"22.05.2015";"1";
"baumstämmen";"23.05.2015";"1";
"Silvia";"12.05.2015";"1";
"bodengrundwerte";"24.05.2015";"1";
"ee";"25.05.2015";"1";
"menschen";"21.05.2015";"1";
"Hafthausâ&#128;&#156;";"26.05.2015";"1";
"nachrichten";"03.05.2015";"1";
"ostalgisc";"27.05.2015";"1";
"einreisen";"18.05.2015";"1";
"https://www.moers.de/C12572210040C568/html/AC8EFBF9EB018E9CC125785000310EB5?opendocument";"27.05.2015";"1";
"selbsthilfe";"26.05.2015";"1";
"vevolkoeung";"27.05.2015";"1";
"markus";"04.05.2015";"1";
"servicebuero";"28.05.2015";"1";
"berufsschulr";"29.05.2015";"1";
"ramla-";"29.05.2015";"1";
"sage";"23.05.2015";"1";
"hexenverfolger";"30.05.2015";"1";
"graf";"15.05.2015";"1";
"sommerorogramm";"31.05.2015";"1";
"Moerrs";"30.05.2015";"1";
"rödelmarkt";"06.05.2015";"1";
"römerstr.";"22.05.2015";"1";
"feuer";"26.05.2015";"1";
"ingrid";"25.05.2015";"1";
"krankenkasse";"20.05.2015";"1";
"seestern";"13.05.2015";"1";
"bib";"04.05.2015";"1";
"schengen";"26.05.2015";"1";
"halsgeige";"13.05.2015";"1";
"Türen";"08.05.2015";"1";
"wilhelm";"24.05.2015";"1";
"stadthalle";"03.05.2015";"1";
"berufsbildungszentrum";"13.05.2015";"1";
"satdt";"26.05.2015";"1";
"minrath";"17.05.2015";"1";
"sonja";"24.05.2015";"1";
"feuerwehrausschuss";"12.05.2015";"1";
"stele";"03.05.2015";"1";
"bereitschaftsdienst";"27.05.2015";"1";
"fischereischein";"26.05.2015";"1";
"Elternbeitrag";"21.05.2015";"1";
"jürgen";"06.05.2015";"1";
"stadtbücherrei";"22.05.2015";"1";
"kostet";"20.05.2015";"1";
"Busverbindung";"31.05.2015";"1";
"hagemann";"02.05.2015";"1";
"Absperrmaßnahmen";"18.05.2015";"1";
"Begegnungsstätte";"15.05.2015";"1";
"Sinti";"29.05.2015";"1";
"Stadtplanungsamt";"13.05.2015";"1";
"tier";"13.05.2015";"1";
"kleinkind";"04.05.2015";"1";
"seel";"04.05.2015";"1";
"anderson";"09.05.2015";"1";
"gehen";"02.05.2015";"1";
"innen";"15.05.2015";"1";
"bebauung";"30.05.2015";"1";
"annika";"19.05.2015";"1";
"welcher";"11.05.2015";"1";
"knast";"26.05.2015";"1";
"sein";"23.05.2015";"1";
"parkautomaten";"06.05.2015";"1";
"berechnen";"23.05.2015";"1";
"Fahrradstrecke";"31.05.2015";"1";
"fahrgeschäfte";"12.05.2015";"1";
"eisernen";"21.05.2015";"1";
"gartenabfälle";"28.05.2015";"1";
"nutzungsänderung";"13.05.2015";"1";
"DAY";"07.05.2015";"1";
"abholung";"05.05.2015";"1";
"Direktor";"22.05.2015";"1";
"vera";"20.05.2015";"1";
"feuerwehreinsatz";"19.05.2015";"1";
"beglaubigte";"29.05.2015";"1";
"1928";"10.05.2015";"1";
"busse";"07.05.2015";"1";
"Beate";"06.05.2015";"1";
"schönhoff";"25.05.2015";"1";
"video";"04.05.2015";"1";
"entsorgungsbetriebe";"09.05.2015";"1";
"verschweigen";"15.05.2015";"1";
"Nolte";"03.05.2015";"1";
"Wintgens";"18.05.2015";"1";
"hoffnungsstr";"13.05.2015";"1";
"sekt";"26.05.2015";"1";
"gebärden";"12.05.2015";"1";
"schulleitung";"15.05.2015";"1";
"artothek";"31.05.2015";"1";
"abriss";"01.05.2015";"1";
"standeamt";"11.05.2015";"1";
"ordnungamt";"08.05.2015";"1";
"erbe";"14.05.2015";"1";
"kollwitz";"19.05.2015";"1";
"gymnasiums";"28.05.2015";"1";
"verbraucher";"06.05.2015";"1";
"program";"11.05.2015";"1";
"Wohnverbund";"04.05.2015";"1";
"Wanigesinghe";"31.05.2015";"1";
"veranstaltungstipps";"30.05.2015";"1";
"Ausbau";"07.05.2015";"1";
"Wiesengrab";"12.05.2015";"1";
"wirtschaftsföderung";"18.05.2015";"1";
"rheinhalde";"25.05.2015";"1";
"Einbürgerungsbehörde";"12.05.2015";"1";
"Irene";"29.05.2015";"1";
"Unterkunft";"16.05.2015";"1";
"bros";"20.05.2015";"1";
"fussballverein";"04.05.2015";"1";
"Fa.";"27.05.2015";"1";
"forderungen";"19.05.2015";"1";
"Word";"20.05.2015";"1";
"zwangsarbeiter";"11.05.2015";"1";
"beleuchtung";"09.05.2015";"1";
"asperg";"14.05.2015";"1";
"Gewerbefläche";"04.05.2015";"1";
"Werbung";"31.05.2015";"1";
"verkehrsamt";"07.05.2015";"1";
"gym";"22.05.2015";"1";
"anne-frank";"01.05.2015";"1";
"STR:";"02.05.2015";"1";
"ehrenamt";"17.05.2015";"1";
"Elterbeiträge";"26.05.2015";"1";
"eintrittskarten";"15.05.2015";"1";
"onleihe";"08.05.2015";"1";
"2030";"22.05.2015";"1";
"gesetzlicher";"31.05.2015";"1";
"dsl";"07.05.2015";"1";
"schießstand";"05.05.2015";"1";
"nachweis";"27.05.2015";"1";
"religiöse";"13.05.2015";"1";
"Pipi";"21.05.2015";"1";
"eller";"28.05.2015";"1";
"Streckenverlauf";"22.05.2015";"1";
"trdelmarkt";"19.05.2015";"1";
"Steigerstraße";"15.05.2015";"1";
"oezdamar";"12.05.2015";"1";
"statue";"16.05.2015";"1";
"https://www.moers.de/";"13.05.2015";"1";
"seniorentreffen";"17.05.2015";"1";
"Emine";"12.05.2015";"1";
"veranstaltungsräume";"03.05.2015";"1";
"wunschkenzeichen";"07.05.2015";"1";
"Töpferkurs";"05.05.2015";"1";
"Vutz";"04.05.2015";"1";
"meors";"24.05.2015";"1";
"Wirtschaftsförderung";"21.05.2015";"1";
"betribshof";"11.05.2015";"1";
"modegeschäft";"09.05.2015";"1";
"niveau";"11.05.2015";"1";
"übernachtungen";"20.05.2015";"1";
"schmitt";"05.05.2015";"1";
"straßennamen";"28.05.2015";"1";
"Bartsch";"06.05.2015";"1";
"Diether";"18.05.2015";"1";
"schulministerium";"12.05.2015";"1";
"gruenschnitt";"12.05.2015";"1";
"Museumshof";"03.05.2015";"1";
"Moers-Scherpenberg";"05.05.2015";"1";
"eichenstraße.";"05.05.2015";"1";
"Stadtlan";"10.05.2015";"1";
"blitzer";"22.05.2015";"1";
"daueraufenthaltskarte";"01.05.2015";"1";
"feierlichkeiten";"17.05.2015";"1";
"kreis-wesel.de";"07.05.2015";"1";
"31.05";"31.05.2015";"1";
"hundesteuerermäßigung";"22.05.2015";"1";
"Sportzentrum";"19.05.2015";"1";
"posenhof";"31.05.2015";"1";
"dauerparken";"06.05.2015";"1";
"par";"24.05.2015";"1";
"Lintfort";"31.05.2015";"1";
"voorgang";"24.05.2015";"1";
"haushaltslage";"22.05.2015";"1";
"Felke";"07.05.2015";"1";
"dommers";"24.05.2015";"1";
"asozial";"30.05.2015";"1";
"vatern";"22.05.2015";"1";
"pm";"06.05.2015";"1";
"wohnquartier";"03.05.2015";"1";
"gewässerunterhaltung";"26.05.2015";"1";
"abfallentsorgung";"26.05.2015";"1";
"abendrealschule";"22.05.2015";"1";
"Kamplint";"10.05.2015";"1";
"convent";"28.05.2015";"1";
"beschwerdeschreiben";"26.05.2015";"1";
"ersatzdokumente";"08.05.2015";"1";
"neue";"09.05.2015";"1";
"rüdel";"18.05.2015";"1";
"trödelmark";"14.05.2015";"1";
"gestorben";"07.05.2015";"1";
"geselliger";"07.05.2015";"1";
"wanderweg";"14.05.2015";"1";
"marokkanisch";"06.05.2015";"1";
"Ralf";"11.05.2015";"1";
"namensenderung";"13.05.2015";"1";
"kosmac";"21.05.2015";"1";
"betreungsamt";"17.05.2015";"1";
"Flächen";"06.05.2015";"1";
"25.05";"25.05.2015";"1";
"fahrgeschaefte";"16.05.2015";"1";
"ostring";"22.05.2015";"1";
"werle";"20.05.2015";"1";
"präventionsstufen";"10.05.2015";"1";
"streicjelzoo";"30.05.2015";"1";
"www.grundschule-moers.de";"06.05.2015";"1";
"Dokumente";"18.05.2015";"1";
"warnmeldungen";"27.05.2015";"1";
"entwicklungsverzögerung";"06.05.2015";"1";
"hexenausstellung";"01.05.2015";"1";
"Volker";"03.05.2015";"1";
"bassett";"01.05.2015";"1";
"statu";"01.05.2015";"1";
"http://www.moers.de/C1257221003F2394/html/B5BD58C5E7C944D9C125729F00389ACF";"02.05.2015";"1";
"schweitzer";"27.05.2015";"1";
"bussardweg";"03.05.2015";"1";
"sind";"31.05.2015";"1";
"moers-e-mail";"04.05.2015";"1";
"urmel";"05.05.2015";"1";
"siedung";"05.05.2015";"1";
"Stadtkirche";"22.05.2015";"1";
"verasntaltungskalender";"06.05.2015";"1";
"BAHN";"29.05.2015";"1";
"erfüllt";"06.05.2015";"1";
"fauenarzt";"07.05.2015";"1";
"http://www.moers.de/C1257221003F2394/html/1640D3A641C806FDC125729E0055648F";"07.05.2015";"1";
"treibstoffsiedlung";"08.05.2015";"1";
"elfenrat";"03.05.2015";"1";
"8.5.15";"09.05.2015";"1";
"kids";"18.05.2015";"1";
"26.7.2008";"09.05.2015";"1";
"eselskopf";"10.05.2015";"1";
"Bücherschrank.de";"11.05.2015";"1";
"eink";"11.05.2015";"1";
"symbole";"13.05.2015";"1";
"Ausöänderbehörde";"12.05.2015";"1";
"Bergsee";"07.05.2015";"1";
"schicksalhafte";"12.05.2015";"1";
"Veranstalltungen";"01.05.2015";"1";
"job";"19.05.2015";"1";
"http://forum.moers.de/read.php?8,6220,7495";"14.05.2015";"1";
"zukunftswünsche";"14.05.2015";"1";
"alles";"19.05.2015";"1";
"geburtsvorbreitungmoers";"14.05.2015";"1";
"adenauer";"08.05.2015";"1";
"geqerbeamt";"15.05.2015";"1";
"aloen";"15.05.2015";"1";
"bike";"10.05.2015";"1";
"schlooß";"16.05.2015";"1";
"MÖRSE";"13.05.2015";"1";
"phänomene";"17.05.2015";"1";
"herbst";"22.05.2015";"1";
"denkmaler";"18.05.2015";"1";
"rrödel";"18.05.2015";"1";
"Stehpulte";"19.05.2015";"1";
"nerven";"18.05.2015";"1";
"stellenangebot";"21.05.2015";"1";
"männliches";"19.05.2015";"1";
"2dz";"20.05.2015";"1";
"cwwn.";"21.05.2015";"1";
"durch";"11.05.2015";"1";
"wenzky";"21.05.2015";"1";
"wohngeldstelle";"11.05.2015";"1";
"hotel.resteraunt";"22.05.2015";"1";
"911";"10.05.2015";"1";
"www.jung,moers@googlemail.com";"22.05.2015";"1";
"vfl";"07.05.2015";"1";
"kinderspiele";"24.05.2015";"1";
"Blume";"12.05.2015";"1";
"kemes";"24.05.2015";"1";
"pfingstmonta";"25.05.2015";"1";
"www.moers.info";"25.05.2015";"1";
"klimaschutzmanger";"26.05.2015";"1";
"uwe";"28.05.2015";"1";
"komatsu";"03.05.2015";"1";
"www.tuev-nord.de";"27.05.2015";"1";
"Arbeisargentur";"27.05.2015";"1";
"htt.//freifunk-moers.de";"28.05.2015";"1";
"pandyck";"07.05.2015";"1";
"rattenbekämpung";"29.05.2015";"1";
"breitbandausbau";"30.05.2015";"1";
"fahren";"07.05.2015";"1";
"brübl";"30.05.2015";"1";
"anna";"22.05.2015";"1";
"shadow";"31.05.2015";"1";
"fr.";"06.05.2015";"1";
"technische";"15.05.2015";"1";
"burg";"26.05.2015";"1";
"Dirk";"22.05.2015";"1";
"samstag";"15.05.2015";"1";
"deutschen";"30.05.2015";"1";
"kasper";"09.05.2015";"1";
"wetter";"18.05.2015";"1";
"handball";"30.05.2015";"1";
"donnerstag";"23.05.2015";"1";
"Schmitz";"06.05.2015";"1";
"reichwein";"09.05.2015";"1";
"bäck";"24.05.2015";"1";
"aktionen";"27.05.2015";"1";
"sperrgut";"05.05.2015";"1";
"bürger-service";"23.05.2015";"1";
"Anlahr";"16.05.2015";"1";
"real";"19.05.2015";"1";
"breakdance";"07.05.2015";"1";
"RP";"06.05.2015";"1";
"1950";"23.05.2015";"1";
"wwwmoers";"13.05.2015";"1";
"galerie";"01.05.2015";"1";
"IZ";"17.05.2015";"1";
"besuch";"19.05.2015";"1";
"soli";"24.05.2015";"1";
"bandow";"25.05.2015";"1";
"ralph";"12.05.2015";"1";
"Lüde";"07.05.2015";"1";
"dach";"03.05.2015";"1";
"107";"21.05.2015";"1";
"knapschaft";"19.05.2015";"1";
"denkmalschutz";"25.05.2015";"1";
"bestellen";"05.05.2015";"1";
"sascha";"02.05.2015";"1";
"gehört";"23.05.2015";"1";
"Soul";"01.05.2015";"1";
"rentenberater";"19.05.2015";"1";
"gemeinschaftsschule";"27.05.2015";"1";
"Geke";"28.05.2015";"1";
"fett";"22.05.2015";"1";
"planetenstraße";"22.05.2015";"1";
"polizeibericht";"26.05.2015";"1";
"todesfälle";"02.05.2015";"1";
"Kinderpass";"15.05.2015";"1";
"stehtische";"17.05.2015";"1";
"aids";"19.05.2015";"1";
"rechtsberatung";"10.05.2015";"1";
"woche";"12.05.2015";"1";
"festzelt";"22.05.2015";"1";
"Moers-Xanten";"26.05.2015";"1";
"kopie";"29.05.2015";"1";
"bauvoranfrage";"11.05.2015";"1";
"beschwerde";"24.05.2015";"1";
"schwerbehindertenstelle";"04.05.2015";"1";
"FAHRRADTAG";"04.05.2015";"1";
"roggenkamp";"18.05.2015";"1";
"kranichstrasse";"13.05.2015";"1";
"Aufzug";"06.05.2015";"1";
"truck";"08.05.2015";"1";
"brauche";"11.05.2015";"1";
"intranet";"06.05.2015";"1";
"toby";"07.05.2015";"1";
"Gewerbegrundstück";"26.05.2015";"1";
"Naturschutzbehörde";"15.05.2015";"1";
"udo";"21.05.2015";"1";
"Krankenhäuser";"12.05.2015";"1";
"hochschule";"11.05.2015";"1";
"spielemobil";"28.05.2015";"1";
"Kirsten";"20.05.2015";"1";
"beerdigungen";"20.05.2015";"1";
"pflegeberater";"07.05.2015";"1";
"Volkshoch";"05.05.2015";"1";
"Klimaschutz";"29.05.2015";"1";
"aertzlicher";"20.05.2015";"1";
"buergermeister";"16.05.2015";"1";
"hexen";"01.05.2015";"1";
"saturn";"10.05.2015";"1";
"meurer";"03.05.2015";"1";
"gewerbesteuersatz";"03.05.2015";"1";
"meerstr";"11.05.2015";"1";
"lohn";"03.05.2015";"1";
"nachmachen";"27.05.2015";"1";
"wystrychowski";"18.05.2015";"1";
"demir";"10.05.2015";"1";
"kerken";"09.05.2015";"1";
"postkarte";"31.05.2015";"1";
"lehrschwimmbad";"26.05.2015";"1";
"friedenstraße";"12.05.2015";"1";
"schadstoffe";"23.05.2015";"1";
"hausordnung";"11.05.2015";"1";
"rathausmoers";"20.05.2015";"1";
"sontag";"16.05.2015";"1";
"lernstadt";"27.05.2015";"1";
"wartburg";"21.05.2015";"1";
"elektrotechnik";"27.05.2015";"1";
"technischer";"27.05.2015";"1";
"zulassen";"10.05.2015";"1";
"frankenfeld";"02.05.2015";"1";
"Öffnunszeiten";"22.05.2015";"1";
"pflegeeltern";"14.05.2015";"1";
"rat";"06.05.2015";"1";
"allein";"25.05.2015";"1";
"Alina";"22.05.2015";"1";
"grab";"05.05.2015";"1";
"vitality";"18.05.2015";"1";
"lebensunterhalt";"28.05.2015";"1";
"rehasport";"07.05.2015";"1";
"sportschuetzen";"03.05.2015";"1";
"cunda";"01.05.2015";"1";
"galka";"03.05.2015";"1";
"nähen";"23.05.2015";"1";
"kinderwunsch";"14.05.2015";"1";
"rubensstr.";"22.05.2015";"1";
"mittagsruhe";"10.05.2015";"1";
"erste";"28.05.2015";"1";
"Sawinsky";"28.05.2015";"1";
"aufenthaltstitel";"13.05.2015";"1";
"sehbehinderte";"04.05.2015";"1";
"mozilla";"05.05.2015";"1";
"Martiensen";"17.05.2015";"1";
"flohmart";"03.05.2015";"1";
"rainer";"21.05.2015";"1";
"christihimmelfahrt";"14.05.2015";"1";
"st.josef";"28.05.2015";"1";
"denker";"22.05.2015";"1";
"stationen";"10.05.2015";"1";
"dreikönigskindergarten";"26.05.2015";"1";
"lohmansheide";"04.05.2015";"1";
"zeite";"30.05.2015";"1";
"einverständniserklärung";"28.05.2015";"1";
"töppersee";"22.05.2015";"1";
"elterncafe";"28.05.2015";"1";
"bremer";"19.05.2015";"1";
"afg";"12.05.2015";"1";
"290";"13.05.2015";"1";
"öfnungs";"30.05.2015";"1";
"kriminalpolizei";"16.05.2015";"1";
"gewerbegebiete";"26.05.2015";"1";
"Fort";"10.05.2015";"1";
"engagieren";"26.05.2015";"1";
"detmold";"01.05.2015";"1";
"verleihung";"03.05.2015";"1";
"Pankarz";"13.05.2015";"1";
"jakob-schroer-str.";"22.05.2015";"1";
"Familiennachzug";"30.05.2015";"1";
"karneval";"20.05.2015";"1";
"1932";"10.05.2015";"1";
"badeseen";"15.05.2015";"1";
"hochzeiten";"09.05.2015";"1";
"Freiwillige";"23.05.2015";"1";
"günstiges";"02.05.2015";"1";
"sportverband";"02.05.2015";"1";
"einwohner";"25.05.2015";"1";
"vogelsang";"03.05.2015";"1";
"castle";"10.05.2015";"1";
"städte";"19.05.2015";"1";
"westerkamp";"21.05.2015";"1";
"mülleimerkosten";"28.05.2015";"1";
"städtewappen";"21.05.2015";"1";
"partnerstaedte";"20.05.2015";"1";
"aufenhaltsbescheinigung";"19.05.2015";"1";
"Friedrich";"30.05.2015";"1";
"Krebskranke";"29.05.2015";"1";
"gabriele";"19.05.2015";"1";
"Ä±n";"20.05.2015";"1";
"amerika";"22.05.2015";"1";
"172";"30.05.2015";"1";
"fahrradtouren";"20.05.2015";"1";
"worden";"27.05.2015";"1";
"bisamratten";"30.05.2015";"1";
"wandergeselle";"26.05.2015";"1";
"kitaplätze";"16.05.2015";"1";
"op";"11.05.2015";"1";
"Krumsdorf";"11.05.2015";"1";
"beruf?";"18.05.2015";"1";
"händlermarkt";"20.05.2015";"1";
"versteigerrung";"02.05.2015";"1";
"pferdetrödel";"10.05.2015";"1";
"abschreiben";"14.05.2015";"1";
"SCHLOSSCAFE";"02.05.2015";"1";
"wohnungsbau";"12.05.2015";"1";
"absägen";"04.05.2015";"1";
"Anstecknadel";"21.05.2015";"1";
"Geburten";"27.05.2015";"1";
"adalbert";"18.05.2015";"1";
"Drehstühle";"10.05.2015";"1";
"binzenhöfer";"21.05.2015";"1";
"mitglieder";"06.05.2015";"1";
"neubaugebiet";"04.05.2015";"1";
"2015.de";"01.05.2015";"1";
"Baschek";"13.05.2015";"1";
"grilleln";"02.05.2015";"1";
"Seniorenheim";"17.05.2015";"1";
"burgfräulein";"03.05.2015";"1";
"Gutachterausschuss";"09.05.2015";"1";
"zimmernachweis";"04.05.2015";"1";
"Feiertage";"13.05.2015";"1";
"Lunau";"04.05.2015";"1";
"raumvermietung";"21.05.2015";"1";
"nalecz";"05.05.2015";"1";
"10.05.";"05.05.2015";"1";
"kontakt";"08.05.2015";"1";
"fundsachenversteugerung";"06.05.2015";"1";
"minderjährigen";"13.05.2015";"1";
"tracht";"21.05.2015";"1";
"burgerjugendamt";"07.05.2015";"1";
"anreise";"29.05.2015";"1";
"08.05.2015";"07.05.2015";"1";
"grüne";"15.05.2015";"1";
"öffnungszwitwn";"08.05.2015";"1";
"willy";"12.05.2015";"1";
"parkpreise";"09.05.2015";"1";
"otto";"13.05.2015";"1";
"moers,wann";"10.05.2015";"1";
"Palette";"29.05.2015";"1";
"tierheim.mörs";"10.05.2015";"1";
"musiklaerm";"11.05.2015";"1";
"alter";"08.05.2015";"1";
"ufszentrum";"11.05.2015";"1";
"straßenlaterne";"23.05.2015";"1";
"neubeckum";"12.05.2015";"1";
"https://www.moers.de/C12572210040545A/html/BF1D58A8C8EA4310C12572DC002745FF?opendocument";"12.05.2015";"1";
"hochstrass";"01.05.2015";"1";
"pucki";"13.05.2015";"1";
"friedhöf";"14.05.2015";"1";
"drilling";"14.05.2015";"1";
"Sankt";"08.05.2015";"1";
"tummelferinen";"14.05.2015";"1";
"stadtkirchwe";"15.05.2015";"1";
"wahlbenachrichtigung";"10.05.2015";"1";
"kleinkrotzenburg";"15.05.2015";"1";
"savate";"08.05.2015";"1";
"bushaltestelle";"23.05.2015";"1";
"parkplaz";"17.05.2015";"1";
"kg";"03.05.2015";"1";
"https://www.moers.de/C1256D02002E0B7D/0/AA435E59F666A6A4C1256DE800372AB8?opendocument";"18.05.2015";"1";
"sommer";"19.05.2015";"1";
"http://www.moers.de/C1257221003F2394/html/F4F22C8B423DB6BFC12572A3003070BC";"18.05.2015";"1";
"elliasson";"18.05.2015";"1";
"bestattungskosten";"16.05.2015";"1";
"Rheinkamp:";"19.05.2015";"1";
"aktiv";"26.05.2015";"1";
"https://www.moers.de/C1257241004CCC58/0/02EB96D11A0F9B79C12575A000430937?opendocument";"20.05.2015";"1";
"sci";"07.05.2015";"1";
"hauswirtschaft.";"21.05.2015";"1";
"trennung";"03.05.2015";"1";
"kontgöz";"21.05.2015";"1";
"niderrehein.moers";"22.05.2015";"1";
"Einziehung";"07.05.2015";"1";
"beleuchtet?";"22.05.2015";"1";
"Wir";"10.05.2015";"1";
"24.5.15";"24.05.2015";"1";
"chantalismus";"25.05.2015";"1";
"notfall";"20.05.2015";"1";
"sevice.";"25.05.2015";"1";
"ballonfestival";"11.05.2015";"1";
"babytreffen/kindertreffen";"26.05.2015";"1";
"pflege";"15.05.2015";"1";
"leather";"27.05.2015";"1";
"Reisegewerbekarte";"30.05.2015";"1";
"eilberg";"27.05.2015";"1";
"29.5.2015";"28.05.2015";"1";
"stadfest";"10.05.2015";"1";
"Breuer";"20.05.2015";"1";
"preyerstrasse";"29.05.2015";"1";
"bedeutet";"23.05.2015";"1";
"stehan";"30.05.2015";"1";
"Gong";"22.05.2015";"1";
"31.05.2015";"30.05.2015";"1";
"pfingstmontag";"25.05.2015";"1";
"wielinski";"31.05.2015";"1";
"goris";"03.05.2015";"1";
"strassennamen";"17.05.2015";"1";
"frankreich";"31.05.2015";"1";
"erinnern";"11.05.2015";"1";
"wohnungsamt";"28.05.2015";"1";
"weyerstrasse";"11.05.2015";"1";
"hpr";"11.05.2015";"1";
"moers-vennikel";"24.05.2015";"1";
"lesung";"06.05.2015";"1";
"bürgerstube";"03.05.2015";"1";
"www.awo";"29.05.2015";"1";
"freizeitgestaltung";"16.05.2015";"1";
"wirges";"05.05.2015";"1";
"www.meine";"01.05.2015";"1";
"finanzielle";"04.05.2015";"1";
"zeche";"01.05.2015";"1";
"alt";"20.05.2015";"1";
"Todesfall";"14.05.2015";"1";
"hundesteuern";"01.05.2015";"1";
"künstler";"07.05.2015";"1";
"meerfeld";"23.05.2015";"1";
"bauantrag";"07.05.2015";"1";
"daten";"20.05.2015";"1";
"aufenthaltsbescheinigung";"11.05.2015";"1";
"verkaufen";"05.05.2015";"1";
"elmar";"29.05.2015";"1";
"muster";"26.05.2015";"1";
"Wege";"17.05.2015";"1";
"lärm";"16.05.2015";"1";
"Auländerbehörde";"07.05.2015";"1";
"college";"20.05.2015";"1";
"Balke";"31.05.2015";"1";
"orchideenstrasse";"30.05.2015";"1";
"kickboxen";"24.05.2015";"1";
"wirtz";"22.05.2015";"1";
"toilette";"09.05.2015";"1";
"einsatz";"19.05.2015";"1";
"Landschaftsbehörde";"27.05.2015";"1";
"pilgerwege";"03.05.2015";"1";
"Brandau";"30.05.2015";"1";
"Seniorenbüro";"21.05.2015";"1";
"deutschkurs";"27.05.2015";"1";
"stadtteil";"08.05.2015";"1";
"livin";"02.05.2015";"1";
"film";"26.05.2015";"1";
"zurück";"26.05.2015";"1";
"trotelmarkt";"24.05.2015";"1";
"deutschkurse";"27.05.2015";"1";
"kneipen";"31.05.2015";"1";
"unterhaltsvorschuss";"27.05.2015";"1";
"verschönern";"04.05.2015";"1";
"Photoshop";"31.05.2015";"1";
"cocktail";"23.05.2015";"1";
"bild?";"12.05.2015";"1";
"baumfällen";"07.05.2015";"1";
"besucher";"24.05.2015";"1";
"vennikel.de";"16.05.2015";"1";
"empfehlung";"06.05.2015";"1";
"angestellte";"15.05.2015";"1";
"bier";"02.05.2015";"1";
"Krabbelgruppen";"18.05.2015";"1";
"hilda-heinemann-schule";"07.05.2015";"1";
"vorstand";"23.05.2015";"1";
"jakobspilger";"17.05.2015";"1";
"genehmigt";"24.05.2015";"1";
"büttner";"05.05.2015";"1";
"sonntags";"17.05.2015";"1";
"christina";"28.05.2015";"1";
"mathek";"10.05.2015";"1";
"www.drachenfestmoers.de";"26.05.2015";"1";
"kampmann";"09.05.2015";"1";
"köhler";"01.05.2015";"1";
"plz";"10.05.2015";"1";
"Statistik";"04.05.2015";"1";
"Gericht";"30.05.2015";"1";
"Frühling";"10.05.2015";"1";
"Marien-Schule";"05.05.2015";"1";
"stärken";"18.05.2015";"1";
"städtisch";"09.05.2015";"1";
"schönste";"24.05.2015";"1";
"integrationsrat";"28.05.2015";"1";
"www.enni";"20.05.2015";"1";
"betrieben";"07.05.2015";"1";
"einwohnermelde";"15.05.2015";"1";
"Adreßbuch";"10.05.2015";"1";
"Zimmermann";"04.05.2015";"1";
"altlasten";"26.05.2015";"1";
"vorhabenbezogener";"28.05.2015";"1";
